Id Cliente,Recencia,,,Frecuencia,,Monto,,RFM: 1,,,
,Compra mas reciente,Recencia en días,PUNTOS_R,Número de compras (Tickets),PUNTOS_F,Total de compras (Monto),PUNTOS_M,Puntos,Segmentación 1,Segmentación 2,Segmentación 3
1,12/16/2015,1120,4,10,5," $ 1.000,00 ",5,"4,75",Top,Oro,Buenos
2,12/14/2015,1122,4,2,2," $ 490,00 ",3,3,Spenders,Plata,Buenos
3,12/13/2015,1123,4,7,4," $ 287,00 ",2,3,Spenders,Plata,Buenos
4,12/12/2015,1124,4,4,3," $ 259,00 ",2,"2,75",Spenders,Plata,Malos
5,12/11/2015,1125,4,6,4," $ 866,00 ",5,"4,5",Best,Oro,Buenos
6,12/10/2015,1126,4,7,4," $ 282,00 ",2,3,Spenders,Plata,Buenos
7,12/9/2015,1127,4,4,3," $ 967,00 ",5,"4,25",Best,Oro,Buenos
8,12/8/2015,1128,4,7,4," $ 516,00 ",3,"3,5",Frequency,Plata,Buenos
9,12/7/2015,1129,4,8,5," $ 926,00 ",5,"4,75",Top,Oro,Buenos
10,12/6/2015,1130,4,5,3," $ 4,00 ",1,"2,25",Spenders,Bronce,Malos
11,12/5/2015,1131,4,9,5," $ 7,00 ",1,"2,75",Spenders,Bronce,Malos
12,12/4/2015,1132,4,5,3," $ 605,00 ",4,"3,75",Frequency,Oro,Buenos
13,12/3/2015,1133,4,9,5," $ 327,00 ",2,"3,25",Spenders,Plata,Buenos
14,12/2/2015,1134,4,8,5," $ 987,00 ",5,"4,75",Top,Oro,Buenos
15,12/1/2015,1135,4,2,2," $ 523,00 ",3,3,Spenders,Plata,Buenos
16,11/30/2015,1136,4,7,4," $ 929,00 ",5,"4,5",Best,Oro,Buenos
17,11/29/2015,1137,4,9,5," $ 681,00 ",4,"4,25",Best,Oro,Buenos
18,11/28/2015,1138,4,3,2," $ 445,00 ",3,3,Spenders,Plata,Buenos
19,11/27/2015,1139,4,2,2," $ 257,00 ",2,"2,5",Spenders,Plata,Malos
20,11/26/2015,1140,4,10,5," $ 882,00 ",5,"4,75",Top,Oro,Buenos
21,11/25/2015,1141,4,2,2," $ 64,00 ",1,2,Spenders,Bronce,Malos
22,11/24/2015,1142,4,3,2," $ 71,00 ",1,2,Spenders,Bronce,Malos
23,11/23/2015,1143,4,6,4," $ 432,00 ",3,"3,5",Frequency,Plata,Buenos
24,11/22/2015,1144,4,7,4," $ 216,00 ",2,3,Spenders,Plata,Buenos
25,11/21/2015,1145,4,9,5," $ 573,00 ",3,"3,75",Frequency,Plata,Buenos
26,11/20/2015,1146,4,8,5," $ 744,00 ",4,"4,25",Best,Oro,Buenos
27,11/19/2015,1147,4,9,5," $ 653,00 ",4,"4,25",Best,Oro,Buenos
28,11/18/2015,1148,4,3,2," $ 968,00 ",5,4,Frequency,Oro,Buenos
29,11/17/2015,1149,4,3,2," $ 581,00 ",3,3,Spenders,Plata,Buenos
30,11/16/2015,1150,4,3,2," $ 779,00 ",4,"3,5",Frequency,Oro,Buenos
31,11/15/2015,1151,4,5,3," $ 881,00 ",5,"4,25",Best,Oro,Buenos
32,11/14/2015,1152,4,1,1," $ 745,00 ",4,"3,25",Spenders,Oro,Buenos
33,11/13/2015,1153,4,5,3," $ 472,00 ",3,"3,25",Spenders,Plata,Buenos
34,11/12/2015,1154,4,4,3," $ 843,00 ",5,"4,25",Best,Oro,Buenos
35,11/11/2015,1155,4,7,4," $ 1.000,00 ",5,"4,5",Best,Oro,Buenos
36,11/10/2015,1156,4,10,5," $ 217,00 ",2,"3,25",Spenders,Plata,Buenos
37,11/9/2015,1157,4,10,5," $ 288,00 ",2,"3,25",Spenders,Plata,Buenos
38,11/8/2015,1158,4,2,2," $ 660,00 ",4,"3,5",Frequency,Oro,Buenos
39,11/7/2015,1159,4,6,4," $ 308,00 ",2,3,Spenders,Plata,Buenos
40,11/6/2015,1160,4,1,1," $ 270,00 ",2,"2,25",Spenders,Plata,Malos
41,11/5/2015,1161,4,7,4," $ 87,00 ",1,"2,5",Spenders,Bronce,Malos
42,11/4/2015,1162,4,5,3," $ 504,00 ",3,"3,25",Spenders,Plata,Buenos
43,11/3/2015,1163,4,3,2," $ 317,00 ",2,"2,5",Spenders,Plata,Malos
44,11/2/2015,1164,4,4,3," $ 294,00 ",2,"2,75",Spenders,Plata,Malos
45,11/1/2015,1165,4,10,5," $ 434,00 ",3,"3,75",Frequency,Plata,Buenos
46,10/31/2015,1166,4,8,5," $ 82,00 ",1,"2,75",Spenders,Bronce,Malos
47,10/30/2015,1167,4,7,4," $ 990,00 ",5,"4,5",Best,Oro,Buenos
48,10/29/2015,1168,4,3,2," $ 837,00 ",5,4,Frequency,Oro,Buenos
49,10/28/2015,1169,4,5,3," $ 490,00 ",3,"3,25",Spenders,Plata,Buenos
50,10/27/2015,1170,4,4,3," $ 48,00 ",1,"2,25",Spenders,Bronce,Malos
51,10/26/2015,1171,4,6,4," $ 267,00 ",2,3,Spenders,Plata,Buenos
52,10/25/2015,1172,4,6,4," $ 273,00 ",2,3,Spenders,Plata,Buenos
53,10/24/2015,1173,4,10,5," $ 422,00 ",3,"3,75",Frequency,Plata,Buenos
54,10/23/2015,1174,4,6,4," $ 382,00 ",2,3,Spenders,Plata,Buenos
55,10/22/2015,1175,4,4,3," $ 345,00 ",2,"2,75",Spenders,Plata,Malos
56,10/21/2015,1176,4,8,5," $ 922,00 ",5,"4,75",Top,Oro,Buenos
57,10/20/2015,1177,4,2,2," $ 163,00 ",1,2,Spenders,Bronce,Malos
58,10/19/2015,1178,4,3,2," $ 29,00 ",1,2,Spenders,Bronce,Malos
59,10/18/2015,1179,4,7,4," $ 544,00 ",3,"3,5",Frequency,Plata,Buenos
60,10/17/2015,1180,4,5,3," $ 506,00 ",3,"3,25",Spenders,Plata,Buenos
61,10/16/2015,1181,4,8,5," $ 51,00 ",1,"2,75",Spenders,Bronce,Malos
62,10/15/2015,1182,4,9,5," $ 203,00 ",2,"3,25",Spenders,Plata,Buenos
63,10/14/2015,1183,4,7,4," $ 74,00 ",1,"2,5",Spenders,Bronce,Malos
64,10/13/2015,1184,4,9,5," $ 161,00 ",1,"2,75",Spenders,Bronce,Malos
65,10/12/2015,1185,4,5,3," $ 73,00 ",1,"2,25",Spenders,Bronce,Malos
66,10/11/2015,1186,4,2,2," $ 594,00 ",3,3,Spenders,Plata,Buenos
67,10/10/2015,1187,4,3,2," $ 351,00 ",2,"2,5",Spenders,Plata,Malos
68,10/9/2015,1188,4,9,5," $ 820,00 ",5,"4,75",Top,Oro,Buenos
69,10/8/2015,1189,4,2,2," $ 679,00 ",4,"3,5",Frequency,Oro,Buenos
70,10/7/2015,1190,4,7,4," $ 854,00 ",5,"4,5",Best,Oro,Buenos
71,10/6/2015,1191,4,3,2," $ 419,00 ",3,3,Spenders,Plata,Buenos
72,10/5/2015,1192,4,8,5," $ 386,00 ",2,"3,25",Spenders,Plata,Buenos
73,10/4/2015,1193,4,7,4," $ 518,00 ",3,"3,5",Frequency,Plata,Buenos
74,10/3/2015,1194,4,8,5," $ 632,00 ",4,"4,25",Best,Oro,Buenos
75,10/2/2015,1195,4,2,2," $ 69,00 ",1,2,Spenders,Bronce,Malos
76,10/1/2015,1196,4,2,2," $ 236,00 ",2,"2,5",Spenders,Plata,Malos
77,9/30/2015,1197,4,10,5," $ 489,00 ",3,"3,75",Frequency,Plata,Buenos
78,9/29/2015,1198,4,3,2," $ 299,00 ",2,"2,5",Spenders,Plata,Malos
79,9/28/2015,1199,4,4,3," $ 796,00 ",4,"3,75",Frequency,Oro,Buenos
80,9/27/2015,1200,4,9,5," $ 733,00 ",4,"4,25",Best,Oro,Buenos
81,9/26/2015,1201,4,7,4," $ 853,00 ",5,"4,5",Best,Oro,Buenos
82,9/25/2015,1202,4,1,1," $ 659,00 ",4,"3,25",Spenders,Oro,Buenos
83,9/24/2015,1203,4,7,4," $ 716,00 ",4,4,Frequency,Oro,Buenos
84,9/23/2015,1204,4,10,5," $ 903,00 ",5,"4,75",Top,Oro,Buenos
85,9/22/2015,1205,4,4,3," $ 229,00 ",2,"2,75",Spenders,Plata,Malos
86,9/21/2015,1206,4,1,1," $ 983,00 ",5,"3,75",Frequency,Oro,Buenos
87,9/20/2015,1207,4,9,5," $ 265,00 ",2,"3,25",Spenders,Plata,Buenos
88,9/19/2015,1208,4,6,4," $ 748,00 ",4,4,Frequency,Oro,Buenos
89,9/18/2015,1209,4,5,3," $ 469,00 ",3,"3,25",Spenders,Plata,Buenos
90,9/17/2015,1210,4,4,3," $ 344,00 ",2,"2,75",Spenders,Plata,Malos
91,9/16/2015,1211,4,10,5," $ 666,00 ",4,"4,25",Best,Oro,Buenos
92,9/15/2015,1212,4,8,5," $ 225,00 ",2,"3,25",Spenders,Plata,Buenos
93,9/14/2015,1213,4,6,4," $ 301,00 ",2,3,Spenders,Plata,Buenos
94,9/13/2015,1214,4,4,3," $ 583,00 ",3,"3,25",Spenders,Plata,Buenos
95,9/12/2015,1215,4,4,3," $ 300,00 ",2,"2,75",Spenders,Plata,Malos
96,9/11/2015,1216,4,6,4," $ 452,00 ",3,"3,5",Frequency,Plata,Buenos
97,9/10/2015,1217,4,9,5," $ 608,00 ",4,"4,25",Best,Oro,Buenos
98,9/9/2015,1218,4,7,4," $ 429,00 ",3,"3,5",Frequency,Plata,Buenos
99,9/8/2015,1219,4,3,2," $ 494,00 ",3,3,Spenders,Plata,Buenos
100,9/7/2015,1220,4,1,1," $ 42,00 ",1,"1,75",Spenders,Bronce,Malos
101,9/6/2015,1221,4,5,3," $ 38,00 ",1,"2,25",Spenders,Bronce,Malos
102,9/5/2015,1222,4,2,2," $ 38,00 ",1,2,Spenders,Bronce,Malos
103,9/4/2015,1223,4,4,3," $ 802,00 ",5,"4,25",Best,Oro,Buenos
104,9/3/2015,1224,4,9,5," $ 654,00 ",4,"4,25",Best,Oro,Buenos
105,9/2/2015,1225,4,9,5," $ 819,00 ",5,"4,75",Top,Oro,Buenos
106,9/1/2015,1226,4,4,3," $ 596,00 ",3,"3,25",Spenders,Plata,Buenos
107,8/31/2015,1227,4,1,1," $ 541,00 ",3,"2,75",Spenders,Plata,Malos
108,8/30/2015,1228,4,2,2," $ 463,00 ",3,3,Spenders,Plata,Buenos
109,8/29/2015,1229,4,10,5," $ 532,00 ",3,"3,75",Frequency,Plata,Buenos
110,8/28/2015,1230,4,8,5," $ 594,00 ",3,"3,75",Frequency,Plata,Buenos
111,8/27/2015,1231,4,3,2," $ 907,00 ",5,4,Frequency,Oro,Buenos
112,8/26/2015,1232,4,3,2," $ 810,00 ",5,4,Frequency,Oro,Buenos
113,8/25/2015,1233,4,1,1," $ 893,00 ",5,"3,75",Frequency,Oro,Buenos
114,8/24/2015,1234,4,8,5," $ 630,00 ",4,"4,25",Best,Oro,Buenos
115,8/23/2015,1235,4,5,3," $ 493,00 ",3,"3,25",Spenders,Plata,Buenos
116,8/22/2015,1236,4,4,3," $ 842,00 ",5,"4,25",Best,Oro,Buenos
117,8/21/2015,1237,4,7,4," $ 720,00 ",4,4,Frequency,Oro,Buenos
118,8/20/2015,1238,4,2,2," $ 264,00 ",2,"2,5",Spenders,Plata,Malos
119,8/19/2015,1239,4,2,2," $ 240,00 ",2,"2,5",Spenders,Plata,Malos
120,8/18/2015,1240,4,1,1," $ 654,00 ",4,"3,25",Spenders,Oro,Buenos
121,8/17/2015,1241,4,3,2," $ 519,00 ",3,3,Spenders,Plata,Buenos
122,8/16/2015,1242,4,4,3," $ 87,00 ",1,"2,25",Spenders,Bronce,Malos
123,8/15/2015,1243,4,10,5," $ 506,00 ",3,"3,75",Frequency,Plata,Buenos
124,8/14/2015,1244,4,2,2," $ 938,00 ",5,4,Frequency,Oro,Buenos
125,8/13/2015,1245,4,2,2," $ 21,00 ",1,2,Spenders,Bronce,Malos
126,8/12/2015,1246,4,2,2," $ 574,00 ",3,3,Spenders,Plata,Buenos
127,8/11/2015,1247,4,1,1," $ 849,00 ",5,"3,75",Frequency,Oro,Buenos
128,8/10/2015,1248,4,10,5," $ 587,00 ",3,"3,75",Frequency,Plata,Buenos
129,8/9/2015,1249,4,9,5," $ 324,00 ",2,"3,25",Spenders,Plata,Buenos
130,8/8/2015,1250,4,7,4," $ 668,00 ",4,4,Frequency,Oro,Buenos
131,8/7/2015,1251,4,3,2," $ 843,00 ",5,4,Frequency,Oro,Buenos
132,8/6/2015,1252,4,3,2," $ 887,00 ",5,4,Frequency,Oro,Buenos
133,8/5/2015,1253,4,10,5," $ 220,00 ",2,"3,25",Spenders,Plata,Buenos
134,8/4/2015,1254,4,5,3," $ 304,00 ",2,"2,75",Spenders,Plata,Malos
135,8/3/2015,1255,4,1,1," $ 23,00 ",1,"1,75",Spenders,Bronce,Malos
136,8/2/2015,1256,4,1,1," $ 628,00 ",4,"3,25",Spenders,Oro,Buenos
137,8/1/2015,1257,4,9,5," $ 93,00 ",1,"2,75",Spenders,Bronce,Malos
138,7/31/2015,1258,4,1,1," $ 552,00 ",3,"2,75",Spenders,Plata,Malos
139,7/30/2015,1259,4,3,2," $ 551,00 ",3,3,Spenders,Plata,Buenos
140,7/29/2015,1260,4,2,2," $ 78,00 ",1,2,Spenders,Bronce,Malos
141,7/28/2015,1261,4,3,2," $ 657,00 ",4,"3,5",Frequency,Oro,Buenos
142,7/27/2015,1262,4,3,2," $ 164,00 ",1,2,Spenders,Bronce,Malos
143,7/26/2015,1263,4,9,5," $ 958,00 ",5,"4,75",Top,Oro,Buenos
144,7/25/2015,1264,4,9,5," $ 512,00 ",3,"3,75",Frequency,Plata,Buenos
145,7/24/2015,1265,4,3,2," $ 166,00 ",1,2,Spenders,Bronce,Malos
146,7/23/2015,1266,4,9,5," $ 535,00 ",3,"3,75",Frequency,Plata,Buenos
147,7/22/2015,1267,4,4,3," $ 709,00 ",4,"3,75",Frequency,Oro,Buenos
148,7/21/2015,1268,4,4,3," $ 199,00 ",1,"2,25",Spenders,Bronce,Malos
149,7/20/2015,1269,4,4,3," $ 127,00 ",1,"2,25",Spenders,Bronce,Malos
150,7/19/2015,1270,4,4,3," $ 823,00 ",5,"4,25",Best,Oro,Buenos
151,7/18/2015,1271,4,4,3," $ 918,00 ",5,"4,25",Best,Oro,Buenos
152,7/17/2015,1272,4,2,2," $ 858,00 ",5,4,Frequency,Oro,Buenos
153,7/16/2015,1273,4,4,3," $ 120,00 ",1,"2,25",Spenders,Bronce,Malos
154,7/15/2015,1274,4,10,5," $ 212,00 ",2,"3,25",Spenders,Plata,Buenos
155,7/14/2015,1275,4,2,2," $ 743,00 ",4,"3,5",Frequency,Oro,Buenos
156,7/13/2015,1276,4,10,5," $ 715,00 ",4,"4,25",Best,Oro,Buenos
157,7/12/2015,1277,4,3,2," $ 304,00 ",2,"2,5",Spenders,Plata,Malos
158,7/11/2015,1278,4,5,3," $ 843,00 ",5,"4,25",Best,Oro,Buenos
159,7/10/2015,1279,4,2,2," $ 222,00 ",2,"2,5",Spenders,Plata,Malos
160,7/9/2015,1280,4,8,5," $ 421,00 ",3,"3,75",Frequency,Plata,Buenos
161,7/8/2015,1281,4,4,3," $ 836,00 ",5,"4,25",Best,Oro,Buenos
162,7/7/2015,1282,4,5,3," $ 955,00 ",5,"4,25",Best,Oro,Buenos
163,7/6/2015,1283,4,3,2," $ 568,00 ",3,3,Spenders,Plata,Buenos
164,7/5/2015,1284,4,6,4," $ 636,00 ",4,4,Frequency,Oro,Buenos
165,7/4/2015,1285,4,10,5," $ 941,00 ",5,"4,75",Top,Oro,Buenos
166,7/3/2015,1286,4,8,5," $ 930,00 ",5,"4,75",Top,Oro,Buenos
167,7/2/2015,1287,4,9,5," $ 599,00 ",3,"3,75",Frequency,Plata,Buenos
168,7/1/2015,1288,4,2,2," $ 159,00 ",1,2,Spenders,Bronce,Malos
169,6/30/2015,1289,4,3,2," $ 245,00 ",2,"2,5",Spenders,Plata,Malos
170,6/29/2015,1290,4,5,3," $ 540,00 ",3,"3,25",Spenders,Plata,Buenos
171,6/28/2015,1291,4,6,4," $ 325,00 ",2,3,Spenders,Plata,Buenos
172,6/27/2015,1292,4,8,5," $ 551,00 ",3,"3,75",Frequency,Plata,Buenos
173,6/26/2015,1293,4,10,5," $ 513,00 ",3,"3,75",Frequency,Plata,Buenos
174,6/25/2015,1294,4,8,5," $ 543,00 ",3,"3,75",Frequency,Plata,Buenos
175,6/24/2015,1295,4,2,2," $ 668,00 ",4,"3,5",Frequency,Oro,Buenos
176,6/23/2015,1296,3,1,1," $ 860,00 ",5,"3,5",Frequency,Oro,Buenos
177,6/22/2015,1297,3,4,3," $ 201,00 ",2,"2,5",Spenders,Plata,Malos
178,6/21/2015,1298,3,4,3," $ 104,00 ",1,2,Spenders,Bronce,Malos
179,6/20/2015,1299,3,6,4," $ 245,00 ",2,"2,75",Spenders,Plata,Malos
180,6/19/2015,1300,3,5,3," $ 642,00 ",4,"3,5",Frequency,Oro,Buenos
181,6/18/2015,1301,3,7,4," $ 831,00 ",5,"4,25",Best,Oro,Buenos
182,6/17/2015,1302,3,5,3," $ 123,00 ",1,2,Spenders,Bronce,Malos
183,6/16/2015,1303,3,6,4," $ 360,00 ",2,"2,75",Spenders,Plata,Malos
184,6/15/2015,1304,3,4,3," $ 756,00 ",4,"3,5",Frequency,Oro,Buenos
185,6/14/2015,1305,3,8,5," $ 631,00 ",4,4,Frequency,Oro,Buenos
186,6/13/2015,1306,3,6,4," $ 995,00 ",5,"4,25",Best,Oro,Buenos
187,6/12/2015,1307,3,5,3," $ 613,00 ",4,"3,5",Frequency,Oro,Buenos
188,6/11/2015,1308,3,8,5," $ 547,00 ",3,"3,5",Frequency,Plata,Buenos
189,6/10/2015,1309,3,9,5," $ 724,00 ",4,4,Frequency,Oro,Buenos
190,6/9/2015,1310,3,3,2," $ 545,00 ",3,"2,75",Spenders,Plata,Malos
191,6/8/2015,1311,3,9,5," $ 456,00 ",3,"3,5",Frequency,Plata,Buenos
192,6/7/2015,1312,3,9,5," $ 700,00 ",4,4,Frequency,Oro,Buenos
193,6/6/2015,1313,3,8,5," $ 147,00 ",1,"2,5",Spenders,Bronce,Malos
194,6/5/2015,1314,3,6,4," $ 687,00 ",4,"3,75",Frequency,Oro,Buenos
195,6/4/2015,1315,3,8,5," $ 172,00 ",1,"2,5",Spenders,Bronce,Malos
196,6/3/2015,1316,3,4,3," $ 58,00 ",1,2,Spenders,Bronce,Malos
197,6/2/2015,1317,3,1,1," $ 65,00 ",1,"1,5",Spenders,Bronce,Malos
198,6/1/2015,1318,3,2,2," $ 623,00 ",4,"3,25",Spenders,Oro,Buenos
199,5/31/2015,1319,3,6,4," $ 384,00 ",2,"2,75",Spenders,Plata,Malos
200,5/30/2015,1320,3,8,5," $ 561,00 ",3,"3,5",Frequency,Plata,Buenos
201,5/29/2015,1321,3,10,5," $ 302,00 ",2,3,Spenders,Plata,Buenos
202,5/28/2015,1322,3,5,3," $ 932,00 ",5,4,Frequency,Oro,Buenos
203,5/27/2015,1323,3,3,2," $ 320,00 ",2,"2,25",Spenders,Plata,Malos
204,5/26/2015,1324,3,6,4," $ 905,00 ",5,"4,25",Best,Oro,Buenos
205,5/25/2015,1325,3,5,3," $ 571,00 ",3,3,Spenders,Plata,Buenos
206,5/24/2015,1326,3,5,3," $ 928,00 ",5,4,Frequency,Oro,Buenos
207,5/23/2015,1327,3,10,5," $ 544,00 ",3,"3,5",Frequency,Plata,Buenos
208,5/22/2015,1328,3,8,5," $ 240,00 ",2,3,Spenders,Plata,Buenos
209,5/21/2015,1329,3,2,2," $ 145,00 ",1,"1,75",Spenders,Bronce,Malos
210,5/20/2015,1330,3,8,5," $ 66,00 ",1,"2,5",Spenders,Bronce,Malos
211,5/19/2015,1331,3,8,5," $ 723,00 ",4,4,Frequency,Oro,Buenos
212,5/18/2015,1332,3,7,4," $ 635,00 ",4,"3,75",Frequency,Oro,Buenos
213,5/17/2015,1333,3,3,2," $ 750,00 ",4,"3,25",Spenders,Oro,Buenos
214,5/16/2015,1334,3,2,2," $ 666,00 ",4,"3,25",Spenders,Oro,Buenos
215,5/15/2015,1335,3,1,1," $ 823,00 ",5,"3,5",Frequency,Oro,Buenos
216,5/14/2015,1336,3,8,5," $ 823,00 ",5,"4,5",Best,Oro,Buenos
217,5/13/2015,1337,3,8,5," $ 639,00 ",4,4,Frequency,Oro,Buenos
218,5/12/2015,1338,3,4,3," $ 514,00 ",3,3,Spenders,Plata,Buenos
219,5/11/2015,1339,3,1,1," $ 488,00 ",3,"2,5",Spenders,Plata,Malos
220,5/10/2015,1340,3,9,5," $ 390,00 ",2,3,Spenders,Plata,Buenos
221,5/9/2015,1341,3,6,4," $ 991,00 ",5,"4,25",Best,Oro,Buenos
222,5/8/2015,1342,3,3,2," $ 635,00 ",4,"3,25",Spenders,Oro,Buenos
223,5/7/2015,1343,3,2,2," $ 357,00 ",2,"2,25",Spenders,Plata,Malos
224,5/6/2015,1344,3,6,4," $ 244,00 ",2,"2,75",Spenders,Plata,Malos
225,5/5/2015,1345,3,2,2," $ 858,00 ",5,"3,75",Frequency,Oro,Buenos
226,5/4/2015,1346,3,10,5," $ 792,00 ",4,4,Frequency,Oro,Buenos
227,5/3/2015,1347,3,2,2," $ 101,00 ",1,"1,75",Spenders,Bronce,Malos
228,5/2/2015,1348,3,4,3," $ 512,00 ",3,3,Spenders,Plata,Buenos
229,5/1/2015,1349,3,2,2," $ 793,00 ",4,"3,25",Spenders,Oro,Buenos
230,4/30/2015,1350,3,8,5," $ 945,00 ",5,"4,5",Best,Oro,Buenos
231,4/29/2015,1351,3,4,3," $ 886,00 ",5,4,Frequency,Oro,Buenos
232,4/28/2015,1352,3,1,1," $ 695,00 ",4,3,Spenders,Oro,Buenos
233,4/27/2015,1353,3,9,5," $ 976,00 ",5,"4,5",Best,Oro,Buenos
234,4/26/2015,1354,3,3,2," $ 724,00 ",4,"3,25",Spenders,Oro,Buenos
235,4/25/2015,1355,3,9,5," $ 502,00 ",3,"3,5",Frequency,Plata,Buenos
236,4/24/2015,1356,3,8,5," $ 180,00 ",1,"2,5",Spenders,Bronce,Malos
237,4/23/2015,1357,3,7,4," $ 339,00 ",2,"2,75",Spenders,Plata,Malos
238,4/22/2015,1358,3,6,4," $ 594,00 ",3,"3,25",Spenders,Plata,Buenos
239,4/21/2015,1359,3,9,5," $ 368,00 ",2,3,Spenders,Plata,Buenos
240,4/20/2015,1360,3,6,4," $ 474,00 ",3,"3,25",Spenders,Plata,Buenos
241,4/19/2015,1361,3,5,3," $ 278,00 ",2,"2,5",Spenders,Plata,Malos
242,4/18/2015,1362,3,9,5," $ 970,00 ",5,"4,5",Best,Oro,Buenos
243,4/17/2015,1363,3,9,5," $ 540,00 ",3,"3,5",Frequency,Plata,Buenos
244,4/16/2015,1364,3,4,3," $ 850,00 ",5,4,Frequency,Oro,Buenos
245,4/15/2015,1365,3,7,4," $ 273,00 ",2,"2,75",Spenders,Plata,Malos
246,4/14/2015,1366,3,8,5," $ 230,00 ",2,3,Spenders,Plata,Buenos
247,4/13/2015,1367,3,2,2," $ 551,00 ",3,"2,75",Spenders,Plata,Malos
248,4/12/2015,1368,3,9,5," $ 916,00 ",5,"4,5",Best,Oro,Buenos
249,4/11/2015,1369,3,6,4," $ 809,00 ",5,"4,25",Best,Oro,Buenos
250,4/10/2015,1370,3,6,4," $ 773,00 ",4,"3,75",Frequency,Oro,Buenos
251,4/9/2015,1371,3,6,4," $ 90,00 ",1,"2,25",Spenders,Bronce,Malos
252,4/8/2015,1372,3,10,5," $ 866,00 ",5,"4,5",Best,Oro,Buenos
253,4/7/2015,1373,3,8,5," $ 924,00 ",5,"4,5",Best,Oro,Buenos
254,4/6/2015,1374,3,2,2," $ 48,00 ",1,"1,75",Spenders,Bronce,Malos
255,4/5/2015,1375,3,7,4," $ 501,00 ",3,"3,25",Spenders,Plata,Buenos
256,4/4/2015,1376,3,5,3," $ 690,00 ",4,"3,5",Frequency,Oro,Buenos
257,4/3/2015,1377,3,5,3," $ 667,00 ",4,"3,5",Frequency,Oro,Buenos
258,4/2/2015,1378,3,1,1," $ 234,00 ",2,2,Spenders,Plata,Malos
259,4/1/2015,1379,3,5,3," $ 885,00 ",5,4,Frequency,Oro,Buenos
260,3/31/2015,1380,3,10,5," $ 93,00 ",1,"2,5",Spenders,Bronce,Malos
261,3/30/2015,1381,3,5,3," $ 971,00 ",5,4,Frequency,Oro,Buenos
262,3/29/2015,1382,3,8,5," $ 941,00 ",5,"4,5",Best,Oro,Buenos
263,3/28/2015,1383,3,5,3," $ 570,00 ",3,3,Spenders,Plata,Buenos
264,3/27/2015,1384,3,7,4," $ 557,00 ",3,"3,25",Spenders,Plata,Buenos
265,3/26/2015,1385,3,3,2," $ 344,00 ",2,"2,25",Spenders,Plata,Malos
266,3/25/2015,1386,3,9,5," $ 43,00 ",1,"2,5",Spenders,Bronce,Malos
267,3/24/2015,1387,3,6,4," $ 550,00 ",3,"3,25",Spenders,Plata,Buenos
268,3/23/2015,1388,3,6,4," $ 844,00 ",5,"4,25",Best,Oro,Buenos
269,3/22/2015,1389,3,6,4," $ 692,00 ",4,"3,75",Frequency,Oro,Buenos
270,3/21/2015,1390,3,2,2," $ 616,00 ",4,"3,25",Spenders,Oro,Buenos
271,3/20/2015,1391,3,9,5," $ 10,00 ",1,"2,5",Spenders,Bronce,Malos
272,3/19/2015,1392,3,1,1," $ 647,00 ",4,3,Spenders,Oro,Buenos
273,3/18/2015,1393,3,4,3," $ 91,00 ",1,2,Spenders,Bronce,Malos
274,3/17/2015,1394,3,1,1," $ 556,00 ",3,"2,5",Spenders,Plata,Malos
275,3/16/2015,1395,3,10,5," $ 68,00 ",1,"2,5",Spenders,Bronce,Malos
276,3/15/2015,1396,3,9,5," $ 519,00 ",3,"3,5",Frequency,Plata,Buenos
277,3/14/2015,1397,3,7,4," $ 627,00 ",4,"3,75",Frequency,Oro,Buenos
278,3/13/2015,1398,3,7,4," $ 1.000,00 ",5,"4,25",Best,Oro,Buenos
279,3/12/2015,1399,3,6,4," $ 7,00 ",1,"2,25",Spenders,Bronce,Malos
280,3/11/2015,1400,3,1,1," $ 821,00 ",5,"3,5",Frequency,Oro,Buenos
281,3/10/2015,1401,3,4,3," $ 510,00 ",3,3,Spenders,Plata,Buenos
282,3/9/2015,1402,3,9,5," $ 542,00 ",3,"3,5",Frequency,Plata,Buenos
283,3/8/2015,1403,3,3,2," $ 99,00 ",1,"1,75",Spenders,Bronce,Malos
284,3/7/2015,1404,3,4,3," $ 278,00 ",2,"2,5",Spenders,Plata,Malos
285,3/6/2015,1405,3,6,4," $ 719,00 ",4,"3,75",Frequency,Oro,Buenos
286,3/5/2015,1406,3,6,4," $ 91,00 ",1,"2,25",Spenders,Bronce,Malos
287,3/4/2015,1407,3,4,3," $ 816,00 ",5,4,Frequency,Oro,Buenos
288,3/3/2015,1408,3,10,5," $ 215,00 ",2,3,Spenders,Plata,Buenos
289,3/2/2015,1409,3,8,5," $ 215,00 ",2,3,Spenders,Plata,Buenos
290,3/1/2015,1410,3,4,3," $ 825,00 ",5,4,Frequency,Oro,Buenos
291,2/28/2015,1411,3,6,4," $ 610,00 ",4,"3,75",Frequency,Oro,Buenos
292,2/27/2015,1412,3,6,4," $ 65,00 ",1,"2,25",Spenders,Bronce,Malos
293,2/26/2015,1413,3,5,3," $ 249,00 ",2,"2,5",Spenders,Plata,Malos
294,2/25/2015,1414,3,8,5," $ 930,00 ",5,"4,5",Best,Oro,Buenos
295,2/24/2015,1415,3,8,5," $ 666,00 ",4,4,Frequency,Oro,Buenos
296,2/23/2015,1416,3,6,4," $ 704,00 ",4,"3,75",Frequency,Oro,Buenos
297,2/22/2015,1417,3,10,5," $ 617,00 ",4,4,Frequency,Oro,Buenos
298,2/21/2015,1418,3,9,5," $ 719,00 ",4,4,Frequency,Oro,Buenos
299,2/20/2015,1419,3,9,5," $ 428,00 ",3,"3,5",Frequency,Plata,Buenos
300,2/19/2015,1420,3,7,4," $ 418,00 ",3,"3,25",Spenders,Plata,Buenos
301,2/18/2015,1421,3,10,5," $ 739,00 ",4,4,Frequency,Oro,Buenos
302,2/17/2015,1422,3,7,4," $ 716,00 ",4,"3,75",Frequency,Oro,Buenos
303,2/16/2015,1423,3,5,3," $ 922,00 ",5,4,Frequency,Oro,Buenos
304,2/15/2015,1424,3,8,5," $ 808,00 ",5,"4,5",Best,Oro,Buenos
305,2/14/2015,1425,3,6,4," $ 656,00 ",4,"3,75",Frequency,Oro,Buenos
306,2/13/2015,1426,3,6,4," $ 843,00 ",5,"4,25",Best,Oro,Buenos
307,2/12/2015,1427,3,1,1," $ 170,00 ",1,"1,5",Spenders,Bronce,Malos
308,2/11/2015,1428,3,1,1," $ 712,00 ",4,3,Spenders,Oro,Buenos
309,2/10/2015,1429,3,4,3," $ 381,00 ",2,"2,5",Spenders,Plata,Malos
310,2/9/2015,1430,3,3,2," $ 748,00 ",4,"3,25",Spenders,Oro,Buenos
311,2/8/2015,1431,3,8,5," $ 14,00 ",1,"2,5",Spenders,Bronce,Malos
312,2/7/2015,1432,3,3,2," $ 36,00 ",1,"1,75",Spenders,Bronce,Malos
313,2/6/2015,1433,3,7,4," $ 788,00 ",4,"3,75",Frequency,Oro,Buenos
314,2/5/2015,1434,3,10,5," $ 361,00 ",2,3,Spenders,Plata,Buenos
315,2/4/2015,1435,3,8,5," $ 50,00 ",1,"2,5",Spenders,Bronce,Malos
316,2/3/2015,1436,3,7,4," $ 522,00 ",3,"3,25",Spenders,Plata,Buenos
317,2/2/2015,1437,3,9,5," $ 169,00 ",1,"2,5",Spenders,Bronce,Malos
318,2/1/2015,1438,3,1,1," $ 290,00 ",2,2,Spenders,Plata,Malos
319,1/31/2015,1439,3,10,5," $ 775,00 ",4,4,Frequency,Oro,Buenos
320,1/30/2015,1440,3,7,4," $ 919,00 ",5,"4,25",Best,Oro,Buenos
321,1/29/2015,1441,3,1,1," $ 350,00 ",2,2,Spenders,Plata,Malos
322,1/28/2015,1442,3,6,4," $ 490,00 ",3,"3,25",Spenders,Plata,Buenos
323,1/27/2015,1443,3,7,4," $ 149,00 ",1,"2,25",Spenders,Bronce,Malos
324,1/26/2015,1444,3,9,5," $ 978,00 ",5,"4,5",Best,Oro,Buenos
325,1/25/2015,1445,3,7,4," $ 962,00 ",5,"4,25",Best,Oro,Buenos
326,1/24/2015,1446,3,8,5," $ 109,00 ",1,"2,5",Spenders,Bronce,Malos
327,1/23/2015,1447,3,1,1," $ 427,00 ",3,"2,5",Spenders,Plata,Malos
328,1/22/2015,1448,3,3,2," $ 537,00 ",3,"2,75",Spenders,Plata,Malos
329,1/21/2015,1449,3,10,5," $ 237,00 ",2,3,Spenders,Plata,Buenos
330,1/20/2015,1450,3,7,4," $ 750,00 ",4,"3,75",Frequency,Oro,Buenos
331,1/19/2015,1451,3,7,4," $ 937,00 ",5,"4,25",Best,Oro,Buenos
332,1/18/2015,1452,3,9,5," $ 10,00 ",1,"2,5",Spenders,Bronce,Malos
333,1/17/2015,1453,3,8,5," $ 740,00 ",4,4,Frequency,Oro,Buenos
334,1/16/2015,1454,3,9,5," $ 424,00 ",3,"3,5",Frequency,Plata,Buenos
335,1/15/2015,1455,3,8,5," $ 513,00 ",3,"3,5",Frequency,Plata,Buenos
336,1/14/2015,1456,3,6,4," $ 109,00 ",1,"2,25",Spenders,Bronce,Malos
337,1/13/2015,1457,3,1,1," $ 711,00 ",4,3,Spenders,Oro,Buenos
338,1/12/2015,1458,3,4,3," $ 444,00 ",3,3,Spenders,Plata,Buenos
339,1/11/2015,1459,3,1,1," $ 937,00 ",5,"3,5",Frequency,Oro,Buenos
340,1/10/2015,1460,3,7,4," $ 233,00 ",2,"2,75",Spenders,Plata,Malos
341,1/9/2015,1461,3,9,5," $ 692,00 ",4,4,Frequency,Oro,Buenos
342,1/8/2015,1462,3,3,2," $ 58,00 ",1,"1,75",Spenders,Bronce,Malos
343,1/7/2015,1463,3,2,2," $ 4,00 ",1,"1,75",Spenders,Bronce,Malos
344,1/6/2015,1464,3,10,5," $ 49,00 ",1,"2,5",Spenders,Bronce,Malos
345,1/5/2015,1465,3,10,5," $ 557,00 ",3,"3,5",Frequency,Plata,Buenos
346,1/4/2015,1466,3,3,2," $ 473,00 ",3,"2,75",Spenders,Plata,Malos
347,1/3/2015,1467,3,6,4," $ 495,00 ",3,"3,25",Spenders,Plata,Buenos
348,1/2/2015,1468,3,3,2," $ 839,00 ",5,"3,75",Frequency,Oro,Buenos
349,1/1/2015,1469,3,2,2," $ 299,00 ",2,"2,25",Spenders,Plata,Malos
350,12/31/2014,1470,3,10,5," $ 171,00 ",1,"2,5",Spenders,Bronce,Malos
351,12/30/2014,1471,3,4,3," $ 437,00 ",3,3,Spenders,Plata,Buenos
352,12/29/2014,1472,3,1,1," $ 153,00 ",1,"1,5",Spenders,Bronce,Malos
353,12/28/2014,1473,3,10,5," $ 125,00 ",1,"2,5",Spenders,Bronce,Malos
354,12/27/2014,1474,3,9,5," $ 428,00 ",3,"3,5",Frequency,Plata,Buenos
355,12/26/2014,1475,3,9,5," $ 901,00 ",5,"4,5",Best,Oro,Buenos
356,12/25/2014,1476,3,3,2," $ 75,00 ",1,"1,75",Spenders,Bronce,Malos
357,12/24/2014,1477,3,4,3," $ 14,00 ",1,2,Spenders,Bronce,Malos
358,12/23/2014,1478,3,4,3," $ 783,00 ",4,"3,5",Frequency,Oro,Buenos
359,12/22/2014,1479,3,2,2," $ 538,00 ",3,"2,75",Spenders,Plata,Malos
360,12/21/2014,1480,3,4,3," $ 480,00 ",3,3,Spenders,Plata,Buenos
361,12/20/2014,1481,3,10,5," $ 873,00 ",5,"4,5",Best,Oro,Buenos
362,12/19/2014,1482,3,7,4," $ 352,00 ",2,"2,75",Spenders,Plata,Malos
363,12/18/2014,1483,3,5,3," $ 357,00 ",2,"2,5",Spenders,Plata,Malos
364,12/17/2014,1484,3,7,4," $ 851,00 ",5,"4,25",Best,Oro,Buenos
365,12/16/2014,1485,3,3,2," $ 934,00 ",5,"3,75",Frequency,Oro,Buenos
366,12/15/2014,1486,3,7,4," $ 583,00 ",3,"3,25",Spenders,Plata,Buenos
367,12/14/2014,1487,3,9,5," $ 250,00 ",2,3,Spenders,Plata,Buenos
368,12/13/2014,1488,3,2,2," $ 420,00 ",3,"2,75",Spenders,Plata,Malos
369,12/12/2014,1489,3,4,3," $ 452,00 ",3,3,Spenders,Plata,Buenos
370,12/11/2014,1490,3,6,4," $ 506,00 ",3,"3,25",Spenders,Plata,Buenos
371,12/10/2014,1491,3,8,5," $ 850,00 ",5,"4,5",Best,Oro,Buenos
372,12/9/2014,1492,3,9,5," $ 809,00 ",5,"4,5",Best,Oro,Buenos
373,12/8/2014,1493,3,8,5," $ 193,00 ",1,"2,5",Spenders,Bronce,Malos
374,12/7/2014,1494,3,2,2," $ 320,00 ",2,"2,25",Spenders,Plata,Malos
375,12/6/2014,1495,3,5,3," $ 316,00 ",2,"2,5",Spenders,Plata,Malos
376,12/5/2014,1496,3,10,5," $ 616,00 ",4,4,Frequency,Oro,Buenos
377,12/4/2014,1497,3,10,5," $ 723,00 ",4,4,Frequency,Oro,Buenos
378,12/3/2014,1498,3,4,3," $ 8,00 ",1,2,Spenders,Bronce,Malos
379,12/2/2014,1499,3,1,1," $ 113,00 ",1,"1,5",Spenders,Bronce,Malos
380,12/1/2014,1500,3,4,3," $ 679,00 ",4,"3,5",Frequency,Oro,Buenos
381,11/30/2014,1501,3,3,2," $ 289,00 ",2,"2,25",Spenders,Plata,Malos
382,11/29/2014,1502,3,3,2," $ 710,00 ",4,"3,25",Spenders,Oro,Buenos
383,11/28/2014,1503,3,1,1," $ 940,00 ",5,"3,5",Frequency,Oro,Buenos
384,11/27/2014,1504,3,10,5," $ 493,00 ",3,"3,5",Frequency,Plata,Buenos
385,11/26/2014,1505,3,3,2," $ 414,00 ",3,"2,75",Spenders,Plata,Malos
386,11/25/2014,1506,3,9,5," $ 437,00 ",3,"3,5",Frequency,Plata,Buenos
387,11/24/2014,1507,3,8,5," $ 955,00 ",5,"4,5",Best,Oro,Buenos
388,11/23/2014,1508,3,8,5," $ 6,00 ",1,"2,5",Spenders,Bronce,Malos
389,11/22/2014,1509,3,8,5," $ 288,00 ",2,3,Spenders,Plata,Buenos
390,11/21/2014,1510,3,2,2," $ 181,00 ",1,"1,75",Spenders,Bronce,Malos
391,11/20/2014,1511,3,10,5," $ 765,00 ",4,4,Frequency,Oro,Buenos
392,11/19/2014,1512,3,1,1," $ 826,00 ",5,"3,5",Frequency,Oro,Buenos
393,11/18/2014,1513,3,7,4," $ 493,00 ",3,"3,25",Spenders,Plata,Buenos
394,11/17/2014,1514,3,7,4," $ 851,00 ",5,"4,25",Best,Oro,Buenos
395,11/16/2014,1515,3,6,4," $ 525,00 ",3,"3,25",Spenders,Plata,Buenos
396,11/15/2014,1516,3,5,3," $ 243,00 ",2,"2,5",Spenders,Plata,Malos
397,11/14/2014,1517,3,2,2," $ 315,00 ",2,"2,25",Spenders,Plata,Malos
398,11/13/2014,1518,3,7,4," $ 93,00 ",1,"2,25",Spenders,Bronce,Malos
399,11/12/2014,1519,3,6,4," $ 128,00 ",1,"2,25",Spenders,Bronce,Malos
400,11/11/2014,1520,3,3,2," $ 814,00 ",5,"3,75",Frequency,Oro,Buenos
401,11/10/2014,1521,3,2,2," $ 94,00 ",1,"1,75",Spenders,Bronce,Malos
402,11/9/2014,1522,3,4,3," $ 712,00 ",4,"3,5",Frequency,Oro,Buenos
403,11/8/2014,1523,3,7,4," $ 905,00 ",5,"4,25",Best,Oro,Buenos
404,11/7/2014,1524,3,6,4," $ 249,00 ",2,"2,75",Spenders,Plata,Malos
405,11/6/2014,1525,3,8,5," $ 833,00 ",5,"4,5",Best,Oro,Buenos
406,11/5/2014,1526,3,6,4," $ 934,00 ",5,"4,25",Best,Oro,Buenos
407,11/4/2014,1527,3,9,5," $ 171,00 ",1,"2,5",Spenders,Bronce,Malos
408,11/3/2014,1528,3,6,4," $ 586,00 ",3,"3,25",Spenders,Plata,Buenos
409,11/2/2014,1529,3,10,5," $ 264,00 ",2,3,Spenders,Plata,Buenos
410,11/1/2014,1530,3,9,5," $ 681,00 ",4,4,Frequency,Oro,Buenos
411,10/31/2014,1531,3,8,5," $ 872,00 ",5,"4,5",Best,Oro,Buenos
412,10/30/2014,1532,3,4,3," $ 189,00 ",1,2,Spenders,Bronce,Malos
413,10/29/2014,1533,3,7,4," $ 273,00 ",2,"2,75",Spenders,Plata,Malos
414,10/28/2014,1534,3,5,3," $ 679,00 ",4,"3,5",Frequency,Oro,Buenos
415,10/27/2014,1535,3,5,3," $ 74,00 ",1,2,Spenders,Bronce,Malos
416,10/26/2014,1536,3,6,4," $ 73,00 ",1,"2,25",Spenders,Bronce,Malos
417,10/25/2014,1537,3,5,3," $ 422,00 ",3,3,Spenders,Plata,Buenos
418,10/24/2014,1538,3,3,2," $ 598,00 ",3,"2,75",Spenders,Plata,Malos
419,10/23/2014,1539,3,4,3," $ 993,00 ",5,4,Frequency,Oro,Buenos
420,10/22/2014,1540,3,9,5," $ 387,00 ",2,3,Spenders,Plata,Buenos
421,10/21/2014,1541,3,10,5," $ 228,00 ",2,3,Spenders,Plata,Buenos
422,10/20/2014,1542,3,10,5," $ 974,00 ",5,"4,5",Best,Oro,Buenos
423,10/19/2014,1543,3,2,2," $ 325,00 ",2,"2,25",Spenders,Plata,Malos
424,10/18/2014,1544,3,10,5," $ 915,00 ",5,"4,5",Best,Oro,Buenos
425,10/17/2014,1545,3,10,5," $ 628,00 ",4,4,Frequency,Oro,Buenos
426,10/16/2014,1546,3,6,4," $ 820,00 ",5,"4,25",Best,Oro,Buenos
427,10/15/2014,1547,3,2,2," $ 257,00 ",2,"2,25",Spenders,Plata,Malos
428,10/14/2014,1548,3,10,5," $ 13,00 ",1,"2,5",Spenders,Bronce,Malos
429,10/13/2014,1549,3,9,5," $ 494,00 ",3,"3,5",Frequency,Plata,Buenos
430,10/12/2014,1550,3,2,2," $ 297,00 ",2,"2,25",Spenders,Plata,Malos
431,10/11/2014,1551,3,9,5," $ 57,00 ",1,"2,5",Spenders,Bronce,Malos
432,10/10/2014,1552,3,1,1," $ 710,00 ",4,3,Spenders,Oro,Buenos
433,10/9/2014,1553,3,6,4," $ 736,00 ",4,"3,75",Frequency,Oro,Buenos
434,10/8/2014,1554,3,10,5," $ 634,00 ",4,4,Frequency,Oro,Buenos
435,10/7/2014,1555,3,6,4," $ 328,00 ",2,"2,75",Spenders,Plata,Malos
436,10/6/2014,1556,3,5,3," $ 430,00 ",3,3,Spenders,Plata,Buenos
437,10/5/2014,1557,3,4,3," $ 566,00 ",3,3,Spenders,Plata,Buenos
438,10/4/2014,1558,3,6,4," $ 390,00 ",2,"2,75",Spenders,Plata,Malos
439,10/3/2014,1559,3,2,2," $ 402,00 ",3,"2,75",Spenders,Plata,Malos
440,10/2/2014,1560,3,4,3," $ 72,00 ",1,2,Spenders,Bronce,Malos
441,10/1/2014,1561,3,8,5," $ 501,00 ",3,"3,5",Frequency,Plata,Buenos
442,9/30/2014,1562,3,9,5," $ 629,00 ",4,4,Frequency,Oro,Buenos
443,9/29/2014,1563,3,4,3," $ 219,00 ",2,"2,5",Spenders,Plata,Malos
444,9/28/2014,1564,3,9,5," $ 532,00 ",3,"3,5",Frequency,Plata,Buenos
445,9/27/2014,1565,3,9,5," $ 904,00 ",5,"4,5",Best,Oro,Buenos
446,9/26/2014,1566,3,8,5," $ 512,00 ",3,"3,5",Frequency,Plata,Buenos
447,9/25/2014,1567,3,9,5," $ 506,00 ",3,"3,5",Frequency,Plata,Buenos
448,9/24/2014,1568,3,10,5," $ 562,00 ",3,"3,5",Frequency,Plata,Buenos
449,9/23/2014,1569,3,8,5," $ 556,00 ",3,"3,5",Frequency,Plata,Buenos
450,9/22/2014,1570,3,8,5," $ 979,00 ",5,"4,5",Best,Oro,Buenos
451,9/21/2014,1571,3,2,2," $ 234,00 ",2,"2,25",Spenders,Plata,Malos
452,9/20/2014,1572,3,4,3," $ 857,00 ",5,4,Frequency,Oro,Buenos
453,9/19/2014,1573,3,6,4," $ 101,00 ",1,"2,25",Spenders,Bronce,Malos
454,9/18/2014,1574,3,9,5," $ 413,00 ",3,"3,5",Frequency,Plata,Buenos
455,9/17/2014,1575,3,2,2," $ 298,00 ",2,"2,25",Spenders,Plata,Malos
456,9/16/2014,1576,3,2,2," $ 622,00 ",4,"3,25",Spenders,Oro,Buenos
457,9/15/2014,1577,3,10,5," $ 892,00 ",5,"4,5",Best,Oro,Buenos
458,9/14/2014,1578,3,3,2," $ 71,00 ",1,"1,75",Spenders,Bronce,Malos
459,9/13/2014,1579,3,1,1," $ 302,00 ",2,2,Spenders,Plata,Malos
460,9/12/2014,1580,3,1,1," $ 949,00 ",5,"3,5",Frequency,Oro,Buenos
461,9/11/2014,1581,3,8,5," $ 911,00 ",5,"4,5",Best,Oro,Buenos
462,9/10/2014,1582,3,9,5," $ 999,00 ",5,"4,5",Best,Oro,Buenos
463,9/9/2014,1583,3,1,1," $ 781,00 ",4,3,Spenders,Oro,Buenos
464,9/8/2014,1584,3,4,3," $ 258,00 ",2,"2,5",Spenders,Plata,Malos
465,9/7/2014,1585,3,6,4," $ 633,00 ",4,"3,75",Frequency,Oro,Buenos
466,9/6/2014,1586,3,6,4," $ 969,00 ",5,"4,25",Best,Oro,Buenos
467,9/5/2014,1587,3,5,3," $ 769,00 ",4,"3,5",Frequency,Oro,Buenos
468,9/4/2014,1588,3,10,5," $ 558,00 ",3,"3,5",Frequency,Plata,Buenos
469,9/3/2014,1589,3,10,5," $ 997,00 ",5,"4,5",Best,Oro,Buenos
470,9/2/2014,1590,3,3,2," $ 613,00 ",4,"3,25",Spenders,Oro,Buenos
471,9/1/2014,1591,3,7,4," $ 437,00 ",3,"3,25",Spenders,Plata,Buenos
472,8/31/2014,1592,3,10,5," $ 621,00 ",4,4,Frequency,Oro,Buenos
473,8/30/2014,1593,3,6,4," $ 994,00 ",5,"4,25",Best,Oro,Buenos
474,8/29/2014,1594,3,4,3," $ 850,00 ",5,4,Frequency,Oro,Buenos
475,8/28/2014,1595,3,7,4," $ 435,00 ",3,"3,25",Spenders,Plata,Buenos
476,8/27/2014,1596,3,2,2," $ 790,00 ",4,"3,25",Spenders,Oro,Buenos
477,8/26/2014,1597,3,2,2," $ 200,00 ",2,"2,25",Spenders,Plata,Malos
478,12/1/2015,1135,4,10,5," $ 1.000,00 ",5,"4,75",Top,Oro,Buenos
479,8/24/2014,1599,3,5,3," $ 701,00 ",4,"3,5",Frequency,Oro,Buenos
480,8/23/2014,1600,3,5,3," $ 902,00 ",5,4,Frequency,Oro,Buenos
481,8/22/2014,1601,3,9,5," $ 177,00 ",1,"2,5",Spenders,Bronce,Malos
482,8/21/2014,1602,3,1,1," $ 695,00 ",4,3,Spenders,Oro,Buenos
483,8/20/2014,1603,3,8,5," $ 477,00 ",3,"3,5",Frequency,Plata,Buenos
484,8/19/2014,1604,3,9,5," $ 610,00 ",4,4,Frequency,Oro,Buenos
485,8/18/2014,1605,3,6,4," $ 505,00 ",3,"3,25",Spenders,Plata,Buenos
486,8/17/2014,1606,3,5,3," $ 910,00 ",5,4,Frequency,Oro,Buenos
487,8/16/2014,1607,3,1,1," $ 711,00 ",4,3,Spenders,Oro,Buenos
488,8/15/2014,1608,3,1,1," $ 136,00 ",1,"1,5",Spenders,Bronce,Malos
489,8/14/2014,1609,3,5,3," $ 297,00 ",2,"2,5",Spenders,Plata,Malos
490,8/13/2014,1610,3,10,5," $ 872,00 ",5,"4,5",Best,Oro,Buenos
491,8/12/2014,1611,3,4,3," $ 140,00 ",1,2,Spenders,Bronce,Malos
492,8/11/2014,1612,3,8,5," $ 32,00 ",1,"2,5",Spenders,Bronce,Malos
493,8/10/2014,1613,3,5,3," $ 614,00 ",4,"3,5",Frequency,Oro,Buenos
494,8/9/2014,1614,3,2,2," $ 50,00 ",1,"1,75",Spenders,Bronce,Malos
495,8/8/2014,1615,3,8,5," $ 694,00 ",4,4,Frequency,Oro,Buenos
496,8/7/2014,1616,3,7,4," $ 563,00 ",3,"3,25",Spenders,Plata,Buenos
497,8/6/2014,1617,3,3,2," $ 805,00 ",5,"3,75",Frequency,Oro,Buenos
498,8/5/2014,1618,3,4,3," $ 300,00 ",2,"2,5",Spenders,Plata,Malos
499,8/4/2014,1619,3,8,5," $ 510,00 ",3,"3,5",Frequency,Plata,Buenos
500,8/3/2014,1620,3,2,2," $ 458,00 ",3,"2,75",Spenders,Plata,Malos
501,8/2/2014,1621,3,8,5," $ 35,00 ",1,"2,5",Spenders,Bronce,Malos
502,8/1/2014,1622,3,1,1," $ 789,00 ",4,3,Spenders,Oro,Buenos
503,7/31/2014,1623,3,5,3," $ 935,00 ",5,4,Frequency,Oro,Buenos
504,7/30/2014,1624,3,10,5," $ 360,00 ",2,3,Spenders,Plata,Buenos
505,7/29/2014,1625,3,6,4," $ 709,00 ",4,"3,75",Frequency,Oro,Buenos
506,7/28/2014,1626,3,5,3," $ 6,00 ",1,2,Spenders,Bronce,Malos
507,7/27/2014,1627,3,8,5," $ 677,00 ",4,4,Frequency,Oro,Buenos
508,7/26/2014,1628,3,9,5," $ 814,00 ",5,"4,5",Best,Oro,Buenos
509,7/25/2014,1629,3,10,5," $ 133,00 ",1,"2,5",Spenders,Bronce,Malos
510,7/24/2014,1630,3,8,5," $ 119,00 ",1,"2,5",Spenders,Bronce,Malos
511,7/23/2014,1631,3,3,2," $ 574,00 ",3,"2,75",Spenders,Plata,Malos
512,7/22/2014,1632,3,9,5," $ 447,00 ",3,"3,5",Frequency,Plata,Buenos
513,7/21/2014,1633,3,3,2," $ 567,00 ",3,"2,75",Spenders,Plata,Malos
514,7/20/2014,1634,3,9,5," $ 128,00 ",1,"2,5",Spenders,Bronce,Malos
515,7/19/2014,1635,3,5,3," $ 753,00 ",4,"3,5",Frequency,Oro,Buenos
516,7/18/2014,1636,3,3,2," $ 451,00 ",3,"2,75",Spenders,Plata,Malos
517,7/17/2014,1637,3,7,4," $ 234,00 ",2,"2,75",Spenders,Plata,Malos
518,7/16/2014,1638,3,3,2," $ 977,00 ",5,"3,75",Frequency,Oro,Buenos
519,7/15/2014,1639,3,8,5," $ 799,00 ",4,4,Frequency,Oro,Buenos
520,7/14/2014,1640,3,1,1," $ 11,00 ",1,"1,5",Spenders,Bronce,Malos
521,7/13/2014,1641,3,7,4," $ 263,00 ",2,"2,75",Spenders,Plata,Malos
522,7/12/2014,1642,3,9,5," $ 78,00 ",1,"2,5",Spenders,Bronce,Malos
523,7/11/2014,1643,3,7,4," $ 546,00 ",3,"3,25",Spenders,Plata,Buenos
524,7/10/2014,1644,3,4,3," $ 573,00 ",3,3,Spenders,Plata,Buenos
525,7/9/2014,1645,3,1,1," $ 633,00 ",4,3,Spenders,Oro,Buenos
526,7/8/2014,1646,3,4,3," $ 277,00 ",2,"2,5",Spenders,Plata,Malos
527,7/7/2014,1647,3,7,4," $ 643,00 ",4,"3,75",Frequency,Oro,Buenos
528,7/6/2014,1648,3,8,5," $ 609,00 ",4,4,Frequency,Oro,Buenos
529,7/5/2014,1649,3,10,5," $ 966,00 ",5,"4,5",Best,Oro,Buenos
530,7/4/2014,1650,3,1,1," $ 398,00 ",2,2,Spenders,Plata,Malos
531,7/3/2014,1651,3,6,4," $ 737,00 ",4,"3,75",Frequency,Oro,Buenos
532,7/2/2014,1652,3,9,5," $ 794,00 ",4,4,Frequency,Oro,Buenos
533,7/1/2014,1653,3,2,2," $ 291,00 ",2,"2,25",Spenders,Plata,Malos
534,6/30/2014,1654,3,7,4," $ 298,00 ",2,"2,75",Spenders,Plata,Malos
535,6/29/2014,1655,3,9,5," $ 855,00 ",5,"4,5",Best,Oro,Buenos
536,6/28/2014,1656,3,7,4," $ 380,00 ",2,"2,75",Spenders,Plata,Malos
537,6/27/2014,1657,3,8,5," $ 237,00 ",2,3,Spenders,Plata,Buenos
538,6/26/2014,1658,3,2,2," $ 769,00 ",4,"3,25",Spenders,Oro,Buenos
539,6/25/2014,1659,3,10,5," $ 552,00 ",3,"3,5",Frequency,Plata,Buenos
540,6/24/2014,1660,3,2,2," $ 774,00 ",4,"3,25",Spenders,Oro,Buenos
541,6/23/2014,1661,3,1,1," $ 649,00 ",4,3,Spenders,Oro,Buenos
542,6/22/2014,1662,3,4,3," $ 8,00 ",1,2,Spenders,Bronce,Malos
543,6/21/2014,1663,3,2,2," $ 36,00 ",1,"1,75",Spenders,Bronce,Malos
544,6/20/2014,1664,3,2,2," $ 395,00 ",2,"2,25",Spenders,Plata,Malos
545,6/19/2014,1665,3,3,2," $ 262,00 ",2,"2,25",Spenders,Plata,Malos
546,6/18/2014,1666,3,2,2," $ 511,00 ",3,"2,75",Spenders,Plata,Malos
547,6/17/2014,1667,3,7,4," $ 583,00 ",3,"3,25",Spenders,Plata,Buenos
548,6/16/2014,1668,3,8,5," $ 689,00 ",4,4,Frequency,Oro,Buenos
549,6/15/2014,1669,3,5,3," $ 250,00 ",2,"2,5",Spenders,Plata,Malos
550,6/14/2014,1670,3,7,4," $ 516,00 ",3,"3,25",Spenders,Plata,Buenos
551,6/13/2014,1671,3,5,3," $ 937,00 ",5,4,Frequency,Oro,Buenos
552,6/12/2014,1672,3,2,2," $ 217,00 ",2,"2,25",Spenders,Plata,Malos
553,6/11/2014,1673,3,5,3," $ 72,00 ",1,2,Spenders,Bronce,Malos
554,6/10/2014,1674,3,1,1," $ 210,00 ",2,2,Spenders,Plata,Malos
555,6/9/2014,1675,3,9,5," $ 252,00 ",2,3,Spenders,Plata,Buenos
556,6/8/2014,1676,3,1,1," $ 378,00 ",2,2,Spenders,Plata,Malos
557,6/7/2014,1677,3,9,5," $ 95,00 ",1,"2,5",Spenders,Bronce,Malos
558,6/6/2014,1678,3,1,1," $ 220,00 ",2,2,Spenders,Plata,Malos
559,6/5/2014,1679,3,9,5," $ 698,00 ",4,4,Frequency,Oro,Buenos
560,6/4/2014,1680,3,7,4," $ 665,00 ",4,"3,75",Frequency,Oro,Buenos
561,6/3/2014,1681,3,5,3," $ 602,00 ",4,"3,5",Frequency,Oro,Buenos
562,6/2/2014,1682,3,3,2," $ 819,00 ",5,"3,75",Frequency,Oro,Buenos
563,6/1/2014,1683,3,9,5," $ 301,00 ",2,3,Spenders,Plata,Buenos
564,5/31/2014,1684,3,7,4," $ 919,00 ",5,"4,25",Best,Oro,Buenos
565,5/30/2014,1685,3,6,4," $ 18,00 ",1,"2,25",Spenders,Bronce,Malos
566,5/29/2014,1686,3,3,2," $ 483,00 ",3,"2,75",Spenders,Plata,Malos
567,5/28/2014,1687,3,10,5," $ 609,00 ",4,4,Frequency,Oro,Buenos
568,5/27/2014,1688,3,3,2," $ 841,00 ",5,"3,75",Frequency,Oro,Buenos
569,5/26/2014,1689,3,3,2," $ 580,00 ",3,"2,75",Spenders,Plata,Malos
570,5/25/2014,1690,3,10,5," $ 165,00 ",1,"2,5",Spenders,Bronce,Malos
571,5/24/2014,1691,3,8,5," $ 398,00 ",2,3,Spenders,Plata,Buenos
572,5/23/2014,1692,3,9,5," $ 253,00 ",2,3,Spenders,Plata,Buenos
573,5/22/2014,1693,3,10,5," $ 570,00 ",3,"3,5",Frequency,Plata,Buenos
574,5/21/2014,1694,3,4,3," $ 59,00 ",1,2,Spenders,Bronce,Malos
575,5/20/2014,1695,3,6,4," $ 206,00 ",2,"2,75",Spenders,Plata,Malos
576,5/19/2014,1696,3,2,2," $ 513,00 ",3,"2,75",Spenders,Plata,Malos
577,5/18/2014,1697,3,4,3," $ 264,00 ",2,"2,5",Spenders,Plata,Malos
578,5/17/2014,1698,3,7,4," $ 55,00 ",1,"2,25",Spenders,Bronce,Malos
579,5/16/2014,1699,3,7,4," $ 739,00 ",4,"3,75",Frequency,Oro,Buenos
580,5/15/2014,1700,3,10,5," $ 83,00 ",1,"2,5",Spenders,Bronce,Malos
581,5/14/2014,1701,3,8,5," $ 214,00 ",2,3,Spenders,Plata,Buenos
582,5/13/2014,1702,3,9,5," $ 138,00 ",1,"2,5",Spenders,Bronce,Malos
583,5/12/2014,1703,3,8,5," $ 621,00 ",4,4,Frequency,Oro,Buenos
584,5/11/2014,1704,3,6,4," $ 870,00 ",5,"4,25",Best,Oro,Buenos
585,5/10/2014,1705,3,9,5," $ 111,00 ",1,"2,5",Spenders,Bronce,Malos
586,5/9/2014,1706,3,2,2," $ 502,00 ",3,"2,75",Spenders,Plata,Malos
587,5/8/2014,1707,3,7,4," $ 989,00 ",5,"4,25",Best,Oro,Buenos
588,5/7/2014,1708,3,3,2," $ 706,00 ",4,"3,25",Spenders,Oro,Buenos
589,5/6/2014,1709,3,2,2," $ 25,00 ",1,"1,75",Spenders,Bronce,Malos
590,5/5/2014,1710,3,1,1," $ 797,00 ",4,3,Spenders,Oro,Buenos
591,5/4/2014,1711,3,5,3," $ 95,00 ",1,2,Spenders,Bronce,Malos
592,5/3/2014,1712,3,9,5," $ 501,00 ",3,"3,5",Frequency,Plata,Buenos
593,5/2/2014,1713,3,1,1," $ 382,00 ",2,2,Spenders,Plata,Malos
594,5/1/2014,1714,3,5,3," $ 555,00 ",3,3,Spenders,Plata,Buenos
595,4/30/2014,1715,3,8,5," $ 116,00 ",1,"2,5",Spenders,Bronce,Malos
596,4/29/2014,1716,3,8,5," $ 794,00 ",4,4,Frequency,Oro,Buenos
597,4/28/2014,1717,3,2,2," $ 72,00 ",1,"1,75",Spenders,Bronce,Malos
598,4/27/2014,1718,3,7,4," $ 662,00 ",4,"3,75",Frequency,Oro,Buenos
599,4/26/2014,1719,3,8,5," $ 749,00 ",4,4,Frequency,Oro,Buenos
600,4/25/2014,1720,3,8,5," $ 765,00 ",4,4,Frequency,Oro,Buenos
601,4/24/2014,1721,3,7,4," $ 315,00 ",2,"2,75",Spenders,Plata,Malos
602,4/23/2014,1722,3,1,1," $ 866,00 ",5,"3,5",Frequency,Oro,Buenos
603,4/22/2014,1723,3,1,1," $ 683,00 ",4,3,Spenders,Oro,Buenos
604,4/21/2014,1724,3,8,5," $ 834,00 ",5,"4,5",Best,Oro,Buenos
605,4/20/2014,1725,3,6,4," $ 198,00 ",1,"2,25",Spenders,Bronce,Malos
606,4/19/2014,1726,3,10,5," $ 634,00 ",4,4,Frequency,Oro,Buenos
607,4/18/2014,1727,3,1,1," $ 71,00 ",1,"1,5",Spenders,Bronce,Malos
608,4/17/2014,1728,3,4,3," $ 336,00 ",2,"2,5",Spenders,Plata,Malos
609,4/16/2014,1729,3,3,2," $ 412,00 ",3,"2,75",Spenders,Plata,Malos
610,4/15/2014,1730,3,2,2," $ 974,00 ",5,"3,75",Frequency,Oro,Buenos
611,4/14/2014,1731,3,6,4," $ 474,00 ",3,"3,25",Spenders,Plata,Buenos
612,4/13/2014,1732,3,9,5," $ 344,00 ",2,3,Spenders,Plata,Buenos
613,4/12/2014,1733,3,4,3," $ 921,00 ",5,4,Frequency,Oro,Buenos
614,4/11/2014,1734,3,6,4," $ 759,00 ",4,"3,75",Frequency,Oro,Buenos
615,4/10/2014,1735,3,8,5," $ 713,00 ",4,4,Frequency,Oro,Buenos
616,4/9/2014,1736,3,9,5," $ 771,00 ",4,4,Frequency,Oro,Buenos
617,4/8/2014,1737,3,6,4," $ 614,00 ",4,"3,75",Frequency,Oro,Buenos
618,4/7/2014,1738,3,8,5," $ 243,00 ",2,3,Spenders,Plata,Buenos
619,4/6/2014,1739,3,7,4," $ 12,00 ",1,"2,25",Spenders,Bronce,Malos
620,4/5/2014,1740,3,1,1," $ 486,00 ",3,"2,5",Spenders,Plata,Malos
621,4/4/2014,1741,3,10,5," $ 318,00 ",2,3,Spenders,Plata,Buenos
622,4/3/2014,1742,3,2,2," $ 539,00 ",3,"2,75",Spenders,Plata,Malos
623,4/2/2014,1743,3,9,5," $ 141,00 ",1,"2,5",Spenders,Bronce,Malos
624,4/1/2014,1744,3,4,3," $ 103,00 ",1,2,Spenders,Bronce,Malos
625,3/31/2014,1745,3,7,4," $ 4,00 ",1,"2,25",Spenders,Bronce,Malos
626,3/30/2014,1746,3,1,1," $ 614,00 ",4,3,Spenders,Oro,Buenos
627,3/29/2014,1747,3,8,5," $ 618,00 ",4,4,Frequency,Oro,Buenos
628,3/28/2014,1748,3,2,2," $ 82,00 ",1,"1,75",Spenders,Bronce,Malos
629,3/27/2014,1749,3,4,3," $ 445,00 ",3,3,Spenders,Plata,Buenos
630,3/26/2014,1750,3,6,4," $ 757,00 ",4,"3,75",Frequency,Oro,Buenos
631,3/25/2014,1751,3,3,2," $ 151,00 ",1,"1,75",Spenders,Bronce,Malos
632,3/24/2014,1752,3,8,5," $ 822,00 ",5,"4,5",Best,Oro,Buenos
633,3/23/2014,1753,3,7,4," $ 321,00 ",2,"2,75",Spenders,Plata,Malos
634,3/22/2014,1754,3,6,4," $ 20,00 ",1,"2,25",Spenders,Bronce,Malos
635,3/21/2014,1755,3,6,4," $ 886,00 ",5,"4,25",Best,Oro,Buenos
636,3/20/2014,1756,3,8,5," $ 518,00 ",3,"3,5",Frequency,Plata,Buenos
637,3/19/2014,1757,3,6,4," $ 11,00 ",1,"2,25",Spenders,Bronce,Malos
638,3/18/2014,1758,3,9,5," $ 700,00 ",4,4,Frequency,Oro,Buenos
639,3/17/2014,1759,3,6,4," $ 40,00 ",1,"2,25",Spenders,Bronce,Malos
640,3/16/2014,1760,3,9,5," $ 645,00 ",4,4,Frequency,Oro,Buenos
641,3/15/2014,1761,3,9,5," $ 507,00 ",3,"3,5",Frequency,Plata,Buenos
642,3/14/2014,1762,3,9,5," $ 735,00 ",4,4,Frequency,Oro,Buenos
643,3/13/2014,1763,3,4,3," $ 32,00 ",1,2,Spenders,Bronce,Malos
644,3/12/2014,1764,3,3,2," $ 574,00 ",3,"2,75",Spenders,Plata,Malos
645,3/11/2014,1765,3,2,2," $ 114,00 ",1,"1,75",Spenders,Bronce,Malos
646,3/10/2014,1766,3,2,2," $ 790,00 ",4,"3,25",Spenders,Oro,Buenos
647,3/9/2014,1767,3,2,2," $ 22,00 ",1,"1,75",Spenders,Bronce,Malos
648,3/8/2014,1768,3,2,2," $ 230,00 ",2,"2,25",Spenders,Plata,Malos
649,3/7/2014,1769,3,1,1," $ 284,00 ",2,2,Spenders,Plata,Malos
650,3/6/2014,1770,3,5,3," $ 799,00 ",4,"3,5",Frequency,Oro,Buenos
651,3/5/2014,1771,3,7,4," $ 851,00 ",5,"4,25",Best,Oro,Buenos
652,3/4/2014,1772,3,7,4," $ 35,00 ",1,"2,25",Spenders,Bronce,Malos
653,3/3/2014,1773,3,10,5," $ 796,00 ",4,4,Frequency,Oro,Buenos
654,3/2/2014,1774,3,6,4," $ 681,00 ",4,"3,75",Frequency,Oro,Buenos
655,3/1/2014,1775,3,5,3," $ 496,00 ",3,3,Spenders,Plata,Buenos
656,2/28/2014,1776,3,10,5," $ 923,00 ",5,"4,5",Best,Oro,Buenos
657,2/27/2014,1777,3,7,4," $ 377,00 ",2,"2,75",Spenders,Plata,Malos
658,2/26/2014,1778,3,6,4," $ 583,00 ",3,"3,25",Spenders,Plata,Buenos
659,2/25/2014,1779,3,4,3," $ 922,00 ",5,4,Frequency,Oro,Buenos
660,2/24/2014,1780,3,6,4," $ 444,00 ",3,"3,25",Spenders,Plata,Buenos
661,2/23/2014,1781,3,5,3," $ 787,00 ",4,"3,5",Frequency,Oro,Buenos
662,2/22/2014,1782,3,5,3," $ 554,00 ",3,3,Spenders,Plata,Buenos
663,2/21/2014,1783,3,6,4," $ 987,00 ",5,"4,25",Best,Oro,Buenos
664,2/20/2014,1784,3,10,5," $ 156,00 ",1,"2,5",Spenders,Bronce,Malos
665,2/19/2014,1785,3,1,1," $ 164,00 ",1,"1,5",Spenders,Bronce,Malos
666,2/18/2014,1786,3,10,5," $ 643,00 ",4,4,Frequency,Oro,Buenos
667,2/17/2014,1787,3,2,2," $ 638,00 ",4,"3,25",Spenders,Oro,Buenos
668,2/16/2014,1788,3,8,5," $ 614,00 ",4,4,Frequency,Oro,Buenos
669,2/15/2014,1789,3,9,5," $ 505,00 ",3,"3,5",Frequency,Plata,Buenos
670,2/14/2014,1790,3,7,4," $ 608,00 ",4,"3,75",Frequency,Oro,Buenos
671,2/13/2014,1791,3,1,1," $ 809,00 ",5,"3,5",Frequency,Oro,Buenos
672,2/12/2014,1792,3,10,5," $ 91,00 ",1,"2,5",Spenders,Bronce,Malos
673,2/11/2014,1793,3,5,3," $ 981,00 ",5,4,Frequency,Oro,Buenos
674,2/10/2014,1794,3,3,2," $ 347,00 ",2,"2,25",Spenders,Plata,Malos
675,2/9/2014,1795,3,9,5," $ 842,00 ",5,"4,5",Best,Oro,Buenos
676,2/8/2014,1796,3,7,4," $ 5,00 ",1,"2,25",Spenders,Bronce,Malos
677,2/7/2014,1797,3,10,5," $ 753,00 ",4,4,Frequency,Oro,Buenos
678,2/6/2014,1798,3,1,1," $ 756,00 ",4,3,Spenders,Oro,Buenos
679,2/5/2014,1799,3,8,5," $ 449,00 ",3,"3,5",Frequency,Plata,Buenos
680,2/4/2014,1800,3,2,2," $ 396,00 ",2,"2,25",Spenders,Plata,Malos
681,2/3/2014,1801,3,9,5," $ 705,00 ",4,4,Frequency,Oro,Buenos
682,2/2/2014,1802,3,9,5," $ 418,00 ",3,"3,5",Frequency,Plata,Buenos
683,2/1/2014,1803,3,7,4," $ 769,00 ",4,"3,75",Frequency,Oro,Buenos
684,1/31/2014,1804,3,10,5," $ 160,00 ",1,"2,5",Spenders,Bronce,Malos
685,1/30/2014,1805,3,1,1," $ 833,00 ",5,"3,5",Frequency,Oro,Buenos
686,1/29/2014,1806,3,4,3," $ 755,00 ",4,"3,5",Frequency,Oro,Buenos
687,1/28/2014,1807,3,9,5," $ 503,00 ",3,"3,5",Frequency,Plata,Buenos
688,1/27/2014,1808,3,5,3," $ 489,00 ",3,3,Spenders,Plata,Buenos
689,1/26/2014,1809,3,7,4," $ 334,00 ",2,"2,75",Spenders,Plata,Malos
690,1/25/2014,1810,3,10,5," $ 192,00 ",1,"2,5",Spenders,Bronce,Malos
691,1/24/2014,1811,3,3,2," $ 194,00 ",1,"1,75",Spenders,Bronce,Malos
692,1/23/2014,1812,3,9,5," $ 786,00 ",4,4,Frequency,Oro,Buenos
693,1/22/2014,1813,3,7,4," $ 170,00 ",1,"2,25",Spenders,Bronce,Malos
694,1/21/2014,1814,3,2,2," $ 720,00 ",4,"3,25",Spenders,Oro,Buenos
695,1/20/2014,1815,3,10,5," $ 688,00 ",4,4,Frequency,Oro,Buenos
696,1/19/2014,1816,3,10,5," $ 147,00 ",1,"2,5",Spenders,Bronce,Malos
697,1/18/2014,1817,3,2,2," $ 839,00 ",5,"3,75",Frequency,Oro,Buenos
698,1/17/2014,1818,3,8,5," $ 456,00 ",3,"3,5",Frequency,Plata,Buenos
699,1/16/2014,1819,3,1,1," $ 573,00 ",3,"2,5",Spenders,Plata,Malos
700,1/15/2014,1820,3,2,2," $ 830,00 ",5,"3,75",Frequency,Oro,Buenos
701,1/14/2014,1821,3,7,4," $ 581,00 ",3,"3,25",Spenders,Plata,Buenos
702,1/13/2014,1822,3,1,1," $ 403,00 ",3,"2,5",Spenders,Plata,Malos
703,1/12/2014,1823,3,9,5," $ 299,00 ",2,3,Spenders,Plata,Buenos
704,1/11/2014,1824,3,7,4," $ 168,00 ",1,"2,25",Spenders,Bronce,Malos
705,1/10/2014,1825,3,9,5," $ 276,00 ",2,3,Spenders,Plata,Buenos
706,1/9/2014,1826,3,3,2," $ 187,00 ",1,"1,75",Spenders,Bronce,Malos
707,1/8/2014,1827,3,1,1," $ 933,00 ",5,"3,5",Frequency,Oro,Buenos
708,1/7/2014,1828,3,5,3," $ 623,00 ",4,"3,5",Frequency,Oro,Buenos
709,1/6/2014,1829,3,1,1," $ 91,00 ",1,"1,5",Spenders,Bronce,Malos
710,1/5/2014,1830,3,9,5," $ 415,00 ",3,"3,5",Frequency,Plata,Buenos
711,1/4/2014,1831,3,8,5," $ 825,00 ",5,"4,5",Best,Oro,Buenos
712,1/3/2014,1832,3,10,5," $ 281,00 ",2,3,Spenders,Plata,Buenos
713,1/2/2014,1833,3,5,3," $ 158,00 ",1,2,Spenders,Bronce,Malos
714,1/1/2014,1834,3,7,4," $ 846,00 ",5,"4,25",Best,Oro,Buenos
715,12/31/2013,1835,3,8,5," $ 925,00 ",5,"4,5",Best,Oro,Buenos
716,12/30/2013,1836,3,4,3," $ 987,00 ",5,4,Frequency,Oro,Buenos
717,12/29/2013,1837,3,7,4," $ 757,00 ",4,"3,75",Frequency,Oro,Buenos
718,12/28/2013,1838,3,3,2," $ 155,00 ",1,"1,75",Spenders,Bronce,Malos
719,12/27/2013,1839,3,1,1," $ 279,00 ",2,2,Spenders,Plata,Malos
720,12/26/2013,1840,3,8,5," $ 705,00 ",4,4,Frequency,Oro,Buenos
721,12/25/2013,1841,3,8,5," $ 469,00 ",3,"3,5",Frequency,Plata,Buenos
722,12/24/2013,1842,3,1,1," $ 559,00 ",3,"2,5",Spenders,Plata,Malos
723,12/23/2013,1843,3,8,5," $ 819,00 ",5,"4,5",Best,Oro,Buenos
724,12/22/2013,1844,3,3,2," $ 919,00 ",5,"3,75",Frequency,Oro,Buenos
725,12/21/2013,1845,3,1,1," $ 129,00 ",1,"1,5",Spenders,Bronce,Malos
726,12/20/2013,1846,3,4,3," $ 318,00 ",2,"2,5",Spenders,Plata,Malos
727,12/19/2013,1847,3,9,5," $ 638,00 ",4,4,Frequency,Oro,Buenos
728,12/18/2013,1848,3,3,2," $ 344,00 ",2,"2,25",Spenders,Plata,Malos
729,12/17/2013,1849,3,3,2," $ 697,00 ",4,"3,25",Spenders,Oro,Buenos
730,12/16/2013,1850,3,1,1," $ 7,00 ",1,"1,5",Spenders,Bronce,Malos
731,12/15/2013,1851,3,9,5," $ 427,00 ",3,"3,5",Frequency,Plata,Buenos
732,12/14/2013,1852,3,4,3," $ 105,00 ",1,2,Spenders,Bronce,Malos
733,12/13/2013,1853,3,5,3," $ 884,00 ",5,4,Frequency,Oro,Buenos
734,12/12/2013,1854,3,7,4," $ 772,00 ",4,"3,75",Frequency,Oro,Buenos
735,12/11/2013,1855,3,1,1," $ 411,00 ",3,"2,5",Spenders,Plata,Malos
736,12/10/2013,1856,3,5,3," $ 563,00 ",3,3,Spenders,Plata,Buenos
737,12/9/2013,1857,3,4,3," $ 737,00 ",4,"3,5",Frequency,Oro,Buenos
738,12/8/2013,1858,3,9,5," $ 26,00 ",1,"2,5",Spenders,Bronce,Malos
739,12/7/2013,1859,3,9,5," $ 559,00 ",3,"3,5",Frequency,Plata,Buenos
740,12/6/2013,1860,3,10,5," $ 775,00 ",4,4,Frequency,Oro,Buenos
741,12/5/2013,1861,3,9,5," $ 585,00 ",3,"3,5",Frequency,Plata,Buenos
742,12/4/2013,1862,3,6,4," $ 615,00 ",4,"3,75",Frequency,Oro,Buenos
743,12/3/2013,1863,3,7,4," $ 848,00 ",5,"4,25",Best,Oro,Buenos
744,12/2/2013,1864,3,3,2," $ 369,00 ",2,"2,25",Spenders,Plata,Malos
745,12/1/2013,1865,3,2,2," $ 202,00 ",2,"2,25",Spenders,Plata,Malos
746,11/30/2013,1866,3,4,3," $ 708,00 ",4,"3,5",Frequency,Oro,Buenos
747,11/29/2013,1867,3,6,4," $ 380,00 ",2,"2,75",Spenders,Plata,Malos
748,11/28/2013,1868,3,9,5," $ 146,00 ",1,"2,5",Spenders,Bronce,Malos
749,11/27/2013,1869,3,10,5," $ 360,00 ",2,3,Spenders,Plata,Buenos
750,11/26/2013,1870,3,2,2," $ 882,00 ",5,"3,75",Frequency,Oro,Buenos
751,11/25/2013,1871,3,2,2," $ 629,00 ",4,"3,25",Spenders,Oro,Buenos
752,11/24/2013,1872,3,8,5," $ 556,00 ",3,"3,5",Frequency,Plata,Buenos
753,11/23/2013,1873,3,8,5," $ 449,00 ",3,"3,5",Frequency,Plata,Buenos
754,11/22/2013,1874,3,8,5," $ 378,00 ",2,3,Spenders,Plata,Buenos
755,11/21/2013,1875,3,7,4," $ 119,00 ",1,"2,25",Spenders,Bronce,Malos
756,11/20/2013,1876,3,2,2," $ 768,00 ",4,"3,25",Spenders,Oro,Buenos
757,11/19/2013,1877,3,7,4," $ 544,00 ",3,"3,25",Spenders,Plata,Buenos
758,11/18/2013,1878,3,8,5," $ 574,00 ",3,"3,5",Frequency,Plata,Buenos
759,11/17/2013,1879,3,2,2," $ 844,00 ",5,"3,75",Frequency,Oro,Buenos
760,11/16/2013,1880,3,3,2," $ 347,00 ",2,"2,25",Spenders,Plata,Malos
761,11/15/2013,1881,3,5,3," $ 217,00 ",2,"2,5",Spenders,Plata,Malos
762,11/14/2013,1882,3,9,5," $ 696,00 ",4,4,Frequency,Oro,Buenos
763,11/13/2013,1883,3,8,5," $ 29,00 ",1,"2,5",Spenders,Bronce,Malos
764,11/12/2013,1884,3,1,1," $ 336,00 ",2,2,Spenders,Plata,Malos
765,11/11/2013,1885,3,10,5," $ 154,00 ",1,"2,5",Spenders,Bronce,Malos
766,11/10/2013,1886,3,8,5," $ 621,00 ",4,4,Frequency,Oro,Buenos
767,11/9/2013,1887,3,7,4," $ 374,00 ",2,"2,75",Spenders,Plata,Malos
768,11/8/2013,1888,3,2,2," $ 887,00 ",5,"3,75",Frequency,Oro,Buenos
769,11/7/2013,1889,3,2,2," $ 837,00 ",5,"3,75",Frequency,Oro,Buenos
770,11/6/2013,1890,3,2,2," $ 287,00 ",2,"2,25",Spenders,Plata,Malos
771,11/5/2013,1891,3,3,2," $ 672,00 ",4,"3,25",Spenders,Oro,Buenos
772,11/4/2013,1892,3,3,2," $ 246,00 ",2,"2,25",Spenders,Plata,Malos
773,11/3/2013,1893,3,8,5," $ 756,00 ",4,4,Frequency,Oro,Buenos
774,11/2/2013,1894,3,4,3," $ 805,00 ",5,4,Frequency,Oro,Buenos
775,11/1/2013,1895,3,3,2," $ 202,00 ",2,"2,25",Spenders,Plata,Malos
776,10/31/2013,1896,3,7,4," $ 622,00 ",4,"3,75",Frequency,Oro,Buenos
777,10/30/2013,1897,3,4,3," $ 36,00 ",1,2,Spenders,Bronce,Malos
778,10/29/2013,1898,3,10,5," $ 49,00 ",1,"2,5",Spenders,Bronce,Malos
779,10/28/2013,1899,3,9,5," $ 695,00 ",4,4,Frequency,Oro,Buenos
780,10/27/2013,1900,3,7,4," $ 764,00 ",4,"3,75",Frequency,Oro,Buenos
781,10/26/2013,1901,3,1,1," $ 357,00 ",2,2,Spenders,Plata,Malos
782,10/25/2013,1902,3,1,1," $ 177,00 ",1,"1,5",Spenders,Bronce,Malos
783,10/24/2013,1903,3,5,3," $ 230,00 ",2,"2,5",Spenders,Plata,Malos
784,10/23/2013,1904,3,1,1," $ 460,00 ",3,"2,5",Spenders,Plata,Malos
785,10/22/2013,1905,3,10,5," $ 1,00 ",1,"2,5",Spenders,Bronce,Malos
786,10/21/2013,1906,3,10,5," $ 432,00 ",3,"3,5",Frequency,Plata,Buenos
787,10/20/2013,1907,3,1,1," $ 82,00 ",1,"1,5",Spenders,Bronce,Malos
788,10/19/2013,1908,3,9,5," $ 230,00 ",2,3,Spenders,Plata,Buenos
789,10/18/2013,1909,3,8,5," $ 54,00 ",1,"2,5",Spenders,Bronce,Malos
790,10/17/2013,1910,3,7,4," $ 201,00 ",2,"2,75",Spenders,Plata,Malos
791,10/16/2013,1911,3,10,5," $ 760,00 ",4,4,Frequency,Oro,Buenos
792,10/15/2013,1912,3,6,4," $ 261,00 ",2,"2,75",Spenders,Plata,Malos
793,10/14/2013,1913,3,4,3," $ 749,00 ",4,"3,5",Frequency,Oro,Buenos
794,10/13/2013,1914,3,8,5," $ 121,00 ",1,"2,5",Spenders,Bronce,Malos
795,10/12/2013,1915,3,1,1," $ 119,00 ",1,"1,5",Spenders,Bronce,Malos
796,10/11/2013,1916,3,5,3," $ 920,00 ",5,4,Frequency,Oro,Buenos
797,10/10/2013,1917,3,1,1," $ 802,00 ",5,"3,5",Frequency,Oro,Buenos
798,10/9/2013,1918,3,4,3," $ 351,00 ",2,"2,5",Spenders,Plata,Malos
799,10/8/2013,1919,3,1,1," $ 420,00 ",3,"2,5",Spenders,Plata,Malos
800,10/7/2013,1920,3,9,5," $ 264,00 ",2,3,Spenders,Plata,Buenos
801,10/6/2013,1921,3,4,3," $ 456,00 ",3,3,Spenders,Plata,Buenos
802,10/5/2013,1922,3,1,1," $ 185,00 ",1,"1,5",Spenders,Bronce,Malos
803,10/4/2013,1923,3,7,4," $ 238,00 ",2,"2,75",Spenders,Plata,Malos
804,10/3/2013,1924,3,10,5," $ 796,00 ",4,4,Frequency,Oro,Buenos
805,10/2/2013,1925,3,2,2," $ 109,00 ",1,"1,75",Spenders,Bronce,Malos
806,10/1/2013,1926,3,2,2," $ 949,00 ",5,"3,75",Frequency,Oro,Buenos
807,9/30/2013,1927,3,8,5," $ 183,00 ",1,"2,5",Spenders,Bronce,Malos
808,9/29/2013,1928,3,3,2," $ 364,00 ",2,"2,25",Spenders,Plata,Malos
809,9/28/2013,1929,3,3,2," $ 76,00 ",1,"1,75",Spenders,Bronce,Malos
810,9/27/2013,1930,3,3,2," $ 673,00 ",4,"3,25",Spenders,Oro,Buenos
811,9/26/2013,1931,3,10,5," $ 663,00 ",4,4,Frequency,Oro,Buenos
812,9/25/2013,1932,3,3,2," $ 481,00 ",3,"2,75",Spenders,Plata,Malos
813,9/24/2013,1933,3,8,5," $ 833,00 ",5,"4,5",Best,Oro,Buenos
814,9/23/2013,1934,3,7,4," $ 283,00 ",2,"2,75",Spenders,Plata,Malos
815,9/22/2013,1935,3,9,5," $ 654,00 ",4,4,Frequency,Oro,Buenos
816,9/21/2013,1936,3,8,5," $ 370,00 ",2,3,Spenders,Plata,Buenos
817,9/20/2013,1937,3,2,2," $ 843,00 ",5,"3,75",Frequency,Oro,Buenos
818,9/19/2013,1938,3,2,2," $ 361,00 ",2,"2,25",Spenders,Plata,Malos
819,9/18/2013,1939,3,3,2," $ 503,00 ",3,"2,75",Spenders,Plata,Malos
820,9/17/2013,1940,3,1,1," $ 411,00 ",3,"2,5",Spenders,Plata,Malos
821,9/16/2013,1941,3,10,5," $ 858,00 ",5,"4,5",Best,Oro,Buenos
822,9/15/2013,1942,3,2,2," $ 978,00 ",5,"3,75",Frequency,Oro,Buenos
823,9/14/2013,1943,3,6,4," $ 909,00 ",5,"4,25",Best,Oro,Buenos
824,9/13/2013,1944,2,10,5," $ 188,00 ",1,"2,25",Spenders,Bronce,Malos
825,9/12/2013,1945,2,5,3," $ 271,00 ",2,"2,25",Spenders,Plata,Malos
826,9/11/2013,1946,2,7,4," $ 763,00 ",4,"3,5",Frequency,Oro,Buenos
827,9/10/2013,1947,2,5,3," $ 674,00 ",4,"3,25",Spenders,Oro,Buenos
828,9/9/2013,1948,2,9,5," $ 995,00 ",5,"4,25",Best,Oro,Buenos
829,9/8/2013,1949,2,5,3," $ 964,00 ",5,"3,75",Frequency,Oro,Buenos
830,9/7/2013,1950,2,1,1," $ 411,00 ",3,"2,25",Spenders,Plata,Malos
831,9/6/2013,1951,2,7,4," $ 273,00 ",2,"2,5",Spenders,Plata,Malos
832,9/5/2013,1952,2,2,2," $ 221,00 ",2,2,Spenders,Plata,Malos
833,9/4/2013,1953,2,6,4," $ 675,00 ",4,"3,5",Frequency,Oro,Buenos
834,9/3/2013,1954,2,4,3," $ 808,00 ",5,"3,75",Frequency,Oro,Buenos
835,9/2/2013,1955,2,9,5," $ 864,00 ",5,"4,25",Best,Oro,Buenos
836,9/1/2013,1956,2,9,5," $ 963,00 ",5,"4,25",Best,Oro,Buenos
837,8/31/2013,1957,2,9,5," $ 562,00 ",3,"3,25",Spenders,Plata,Buenos
838,8/30/2013,1958,2,5,3," $ 445,00 ",3,"2,75",Spenders,Plata,Malos
839,8/29/2013,1959,2,6,4," $ 65,00 ",1,2,Spenders,Bronce,Malos
840,8/28/2013,1960,2,1,1," $ 280,00 ",2,"1,75",Spenders,Plata,Malos
841,8/27/2013,1961,2,3,2," $ 990,00 ",5,"3,5",Frequency,Oro,Buenos
842,8/26/2013,1962,2,6,4," $ 129,00 ",1,2,Spenders,Bronce,Malos
843,8/25/2013,1963,2,3,2," $ 885,00 ",5,"3,5",Frequency,Oro,Buenos
844,8/24/2013,1964,2,5,3," $ 405,00 ",3,"2,75",Spenders,Plata,Malos
845,8/23/2013,1965,2,1,1," $ 239,00 ",2,"1,75",Spenders,Plata,Malos
846,8/22/2013,1966,2,10,5," $ 956,00 ",5,"4,25",Best,Oro,Buenos
847,8/21/2013,1967,2,10,5," $ 605,00 ",4,"3,75",Frequency,Oro,Buenos
848,8/20/2013,1968,2,5,3," $ 242,00 ",2,"2,25",Spenders,Plata,Malos
849,8/19/2013,1969,2,7,4," $ 25,00 ",1,2,Spenders,Bronce,Malos
850,8/18/2013,1970,2,3,2," $ 452,00 ",3,"2,5",Spenders,Plata,Malos
851,8/17/2013,1971,2,6,4," $ 25,00 ",1,2,Spenders,Bronce,Malos
852,8/16/2013,1972,2,1,1," $ 280,00 ",2,"1,75",Spenders,Plata,Malos
853,8/15/2013,1973,2,8,5," $ 408,00 ",3,"3,25",Spenders,Plata,Buenos
854,8/14/2013,1974,2,3,2," $ 109,00 ",1,"1,5",Spenders,Bronce,Malos
855,8/13/2013,1975,2,1,1," $ 722,00 ",4,"2,75",Spenders,Oro,Malos
856,8/12/2013,1976,2,8,5," $ 905,00 ",5,"4,25",Best,Oro,Buenos
857,8/11/2013,1977,2,6,4," $ 124,00 ",1,2,Spenders,Bronce,Malos
858,8/10/2013,1978,2,8,5," $ 532,00 ",3,"3,25",Spenders,Plata,Buenos
859,8/9/2013,1979,2,5,3," $ 904,00 ",5,"3,75",Frequency,Oro,Buenos
860,8/8/2013,1980,2,5,3," $ 685,00 ",4,"3,25",Spenders,Oro,Buenos
861,8/7/2013,1981,2,7,4," $ 341,00 ",2,"2,5",Spenders,Plata,Malos
862,8/6/2013,1982,2,3,2," $ 669,00 ",4,3,Spenders,Oro,Buenos
863,8/5/2013,1983,2,5,3," $ 691,00 ",4,"3,25",Spenders,Oro,Buenos
864,8/4/2013,1984,2,2,2," $ 90,00 ",1,"1,5",Spenders,Bronce,Malos
865,8/3/2013,1985,2,4,3," $ 622,00 ",4,"3,25",Spenders,Oro,Buenos
866,8/2/2013,1986,2,5,3," $ 121,00 ",1,"1,75",Spenders,Bronce,Malos
867,8/1/2013,1987,2,6,4," $ 686,00 ",4,"3,5",Frequency,Oro,Buenos
868,7/31/2013,1988,2,5,3," $ 495,00 ",3,"2,75",Spenders,Plata,Malos
869,7/30/2013,1989,2,4,3," $ 673,00 ",4,"3,25",Spenders,Oro,Buenos
870,7/29/2013,1990,2,2,2," $ 839,00 ",5,"3,5",Frequency,Oro,Buenos
871,7/28/2013,1991,2,4,3," $ 303,00 ",2,"2,25",Spenders,Plata,Malos
872,7/27/2013,1992,2,8,5," $ 352,00 ",2,"2,75",Spenders,Plata,Malos
873,7/26/2013,1993,2,4,3," $ 920,00 ",5,"3,75",Frequency,Oro,Buenos
874,7/25/2013,1994,2,9,5," $ 163,00 ",1,"2,25",Spenders,Bronce,Malos
875,7/24/2013,1995,2,8,5," $ 987,00 ",5,"4,25",Best,Oro,Buenos
876,7/23/2013,1996,2,1,1," $ 935,00 ",5,"3,25",Spenders,Oro,Buenos
877,7/22/2013,1997,2,6,4," $ 995,00 ",5,4,Frequency,Oro,Buenos
878,7/21/2013,1998,2,7,4," $ 234,00 ",2,"2,5",Spenders,Plata,Malos
879,7/20/2013,1999,2,5,3," $ 29,00 ",1,"1,75",Spenders,Bronce,Malos
880,7/19/2013,2000,2,6,4," $ 441,00 ",3,3,Spenders,Plata,Buenos
881,7/18/2013,2001,2,1,1," $ 392,00 ",2,"1,75",Spenders,Plata,Malos
882,7/17/2013,2002,2,2,2," $ 137,00 ",1,"1,5",Spenders,Bronce,Malos
883,7/16/2013,2003,2,9,5," $ 586,00 ",3,"3,25",Spenders,Plata,Buenos
884,7/15/2013,2004,2,3,2," $ 11,00 ",1,"1,5",Spenders,Bronce,Malos
885,7/14/2013,2005,2,7,4," $ 238,00 ",2,"2,5",Spenders,Plata,Malos
886,7/13/2013,2006,2,5,3," $ 369,00 ",2,"2,25",Spenders,Plata,Malos
887,7/12/2013,2007,2,9,5," $ 156,00 ",1,"2,25",Spenders,Bronce,Malos
888,7/11/2013,2008,2,4,3," $ 583,00 ",3,"2,75",Spenders,Plata,Malos
889,7/10/2013,2009,2,4,3," $ 922,00 ",5,"3,75",Frequency,Oro,Buenos
890,7/9/2013,2010,2,10,5," $ 305,00 ",2,"2,75",Spenders,Plata,Malos
891,7/8/2013,2011,2,10,5," $ 939,00 ",5,"4,25",Best,Oro,Buenos
892,7/7/2013,2012,2,6,4," $ 500,00 ",3,3,Spenders,Plata,Buenos
893,7/6/2013,2013,2,2,2," $ 222,00 ",2,2,Spenders,Plata,Malos
894,7/5/2013,2014,2,6,4," $ 173,00 ",1,2,Spenders,Bronce,Malos
895,7/4/2013,2015,2,8,5," $ 47,00 ",1,"2,25",Spenders,Bronce,Malos
896,7/3/2013,2016,2,9,5," $ 992,00 ",5,"4,25",Best,Oro,Buenos
897,7/2/2013,2017,2,3,2," $ 458,00 ",3,"2,5",Spenders,Plata,Malos
898,7/1/2013,2018,2,9,5," $ 41,00 ",1,"2,25",Spenders,Bronce,Malos
899,6/30/2013,2019,2,8,5," $ 243,00 ",2,"2,75",Spenders,Plata,Malos
900,6/29/2013,2020,2,4,3," $ 354,00 ",2,"2,25",Spenders,Plata,Malos
901,6/28/2013,2021,2,1,1," $ 288,00 ",2,"1,75",Spenders,Plata,Malos
902,6/27/2013,2022,2,7,4," $ 411,00 ",3,3,Spenders,Plata,Buenos
903,6/26/2013,2023,2,6,4," $ 291,00 ",2,"2,5",Spenders,Plata,Malos
904,6/25/2013,2024,2,1,1," $ 160,00 ",1,"1,25",Spenders,Bronce,Malos
905,6/24/2013,2025,2,5,3," $ 527,00 ",3,"2,75",Spenders,Plata,Malos
906,6/23/2013,2026,2,2,2," $ 705,00 ",4,3,Spenders,Oro,Buenos
907,6/22/2013,2027,2,4,3," $ 497,00 ",3,"2,75",Spenders,Plata,Malos
908,6/21/2013,2028,2,10,5," $ 57,00 ",1,"2,25",Spenders,Bronce,Malos
909,6/20/2013,2029,2,9,5," $ 320,00 ",2,"2,75",Spenders,Plata,Malos
910,6/19/2013,2030,2,8,5," $ 561,00 ",3,"3,25",Spenders,Plata,Buenos
911,6/18/2013,2031,2,6,4," $ 756,00 ",4,"3,5",Frequency,Oro,Buenos
912,6/17/2013,2032,2,6,4," $ 413,00 ",3,3,Spenders,Plata,Buenos
913,6/16/2013,2033,2,9,5," $ 66,00 ",1,"2,25",Spenders,Bronce,Malos
914,6/15/2013,2034,2,10,5," $ 498,00 ",3,"3,25",Spenders,Plata,Buenos
915,6/14/2013,2035,2,8,5," $ 748,00 ",4,"3,75",Frequency,Oro,Buenos
916,6/13/2013,2036,2,10,5," $ 684,00 ",4,"3,75",Frequency,Oro,Buenos
917,6/12/2013,2037,2,9,5," $ 340,00 ",2,"2,75",Spenders,Plata,Malos
918,6/11/2013,2038,2,6,4," $ 51,00 ",1,2,Spenders,Bronce,Malos
919,6/10/2013,2039,2,10,5," $ 487,00 ",3,"3,25",Spenders,Plata,Buenos
920,6/9/2013,2040,2,8,5," $ 37,00 ",1,"2,25",Spenders,Bronce,Malos
921,6/8/2013,2041,2,6,4," $ 896,00 ",5,4,Frequency,Oro,Buenos
922,6/7/2013,2042,2,8,5," $ 700,00 ",4,"3,75",Frequency,Oro,Buenos
923,6/6/2013,2043,2,5,3," $ 52,00 ",1,"1,75",Spenders,Bronce,Malos
924,6/5/2013,2044,2,2,2," $ 240,00 ",2,2,Spenders,Plata,Malos
925,6/4/2013,2045,2,10,5," $ 741,00 ",4,"3,75",Frequency,Oro,Buenos
926,6/3/2013,2046,2,10,5," $ 790,00 ",4,"3,75",Frequency,Oro,Buenos
927,6/2/2013,2047,2,3,2," $ 287,00 ",2,2,Spenders,Plata,Malos
928,6/1/2013,2048,2,4,3," $ 663,00 ",4,"3,25",Spenders,Oro,Buenos
929,5/31/2013,2049,2,9,5," $ 819,00 ",5,"4,25",Best,Oro,Buenos
930,5/30/2013,2050,2,5,3," $ 618,00 ",4,"3,25",Spenders,Oro,Buenos
931,5/29/2013,2051,2,6,4," $ 380,00 ",2,"2,5",Spenders,Plata,Malos
932,5/28/2013,2052,2,2,2," $ 792,00 ",4,3,Spenders,Oro,Buenos
933,5/27/2013,2053,2,2,2," $ 771,00 ",4,3,Spenders,Oro,Buenos
934,5/26/2013,2054,2,5,3," $ 199,00 ",1,"1,75",Spenders,Bronce,Malos
935,5/25/2013,2055,2,1,1," $ 641,00 ",4,"2,75",Spenders,Oro,Malos
936,5/24/2013,2056,2,7,4," $ 637,00 ",4,"3,5",Frequency,Oro,Buenos
937,5/23/2013,2057,2,1,1," $ 907,00 ",5,"3,25",Spenders,Oro,Buenos
938,5/22/2013,2058,2,9,5," $ 16,00 ",1,"2,25",Spenders,Bronce,Malos
939,5/21/2013,2059,2,7,4," $ 94,00 ",1,2,Spenders,Bronce,Malos
940,5/20/2013,2060,2,1,1," $ 230,00 ",2,"1,75",Spenders,Plata,Malos
941,5/19/2013,2061,2,3,2," $ 461,00 ",3,"2,5",Spenders,Plata,Malos
942,5/18/2013,2062,2,8,5," $ 714,00 ",4,"3,75",Frequency,Oro,Buenos
943,5/17/2013,2063,2,5,3," $ 851,00 ",5,"3,75",Frequency,Oro,Buenos
944,5/16/2013,2064,2,1,1," $ 510,00 ",3,"2,25",Spenders,Plata,Malos
945,5/15/2013,2065,2,9,5," $ 262,00 ",2,"2,75",Spenders,Plata,Malos
946,5/14/2013,2066,2,6,4," $ 610,00 ",4,"3,5",Frequency,Oro,Buenos
947,5/13/2013,2067,2,7,4," $ 52,00 ",1,2,Spenders,Bronce,Malos
948,5/12/2013,2068,2,10,5," $ 832,00 ",5,"4,25",Best,Oro,Buenos
949,5/11/2013,2069,2,3,2," $ 307,00 ",2,2,Spenders,Plata,Malos
950,5/10/2013,2070,2,6,4," $ 917,00 ",5,4,Frequency,Oro,Buenos
951,5/9/2013,2071,2,6,4," $ 5,00 ",1,2,Spenders,Bronce,Malos
952,5/8/2013,2072,2,4,3," $ 989,00 ",5,"3,75",Frequency,Oro,Buenos
953,5/7/2013,2073,2,6,4," $ 802,00 ",5,4,Frequency,Oro,Buenos
954,5/6/2013,2074,2,1,1," $ 882,00 ",5,"3,25",Spenders,Oro,Buenos
955,5/5/2013,2075,2,3,2," $ 627,00 ",4,3,Spenders,Oro,Buenos
956,5/4/2013,2076,2,7,4," $ 857,00 ",5,4,Frequency,Oro,Buenos
957,5/3/2013,2077,2,7,4," $ 584,00 ",3,3,Spenders,Plata,Buenos
958,5/2/2013,2078,2,2,2," $ 711,00 ",4,3,Spenders,Oro,Buenos
959,5/1/2013,2079,2,5,3," $ 911,00 ",5,"3,75",Frequency,Oro,Buenos
960,4/30/2013,2080,2,10,5," $ 266,00 ",2,"2,75",Spenders,Plata,Malos
961,4/29/2013,2081,2,2,2," $ 77,00 ",1,"1,5",Spenders,Bronce,Malos
962,4/28/2013,2082,2,5,3," $ 961,00 ",5,"3,75",Frequency,Oro,Buenos
963,4/27/2013,2083,2,9,5," $ 568,00 ",3,"3,25",Spenders,Plata,Buenos
964,4/26/2013,2084,2,1,1," $ 817,00 ",5,"3,25",Spenders,Oro,Buenos
965,4/25/2013,2085,2,5,3," $ 249,00 ",2,"2,25",Spenders,Plata,Malos
966,4/24/2013,2086,2,3,2," $ 351,00 ",2,2,Spenders,Plata,Malos
967,4/23/2013,2087,2,1,1," $ 332,00 ",2,"1,75",Spenders,Plata,Malos
968,4/22/2013,2088,2,1,1," $ 78,00 ",1,"1,25",Spenders,Bronce,Malos
969,4/21/2013,2089,2,9,5," $ 415,00 ",3,"3,25",Spenders,Plata,Buenos
970,4/20/2013,2090,2,5,3," $ 197,00 ",1,"1,75",Spenders,Bronce,Malos
971,4/19/2013,2091,2,3,2," $ 5,00 ",1,"1,5",Spenders,Bronce,Malos
972,4/18/2013,2092,2,2,2," $ 658,00 ",4,3,Spenders,Oro,Buenos
973,4/17/2013,2093,2,9,5," $ 356,00 ",2,"2,75",Spenders,Plata,Malos
974,4/16/2013,2094,2,4,3," $ 574,00 ",3,"2,75",Spenders,Plata,Malos
975,4/15/2013,2095,2,3,2," $ 393,00 ",2,2,Spenders,Plata,Malos
976,4/14/2013,2096,2,3,2," $ 486,00 ",3,"2,5",Spenders,Plata,Malos
977,4/13/2013,2097,2,2,2," $ 433,00 ",3,"2,5",Spenders,Plata,Malos
978,4/12/2013,2098,2,1,1," $ 885,00 ",5,"3,25",Spenders,Oro,Buenos
979,4/11/2013,2099,2,5,3," $ 559,00 ",3,"2,75",Spenders,Plata,Malos
980,4/10/2013,2100,2,9,5," $ 811,00 ",5,"4,25",Best,Oro,Buenos
981,4/9/2013,2101,2,3,2," $ 159,00 ",1,"1,5",Spenders,Bronce,Malos
982,4/8/2013,2102,2,6,4," $ 875,00 ",5,4,Frequency,Oro,Buenos
983,4/7/2013,2103,2,2,2," $ 116,00 ",1,"1,5",Spenders,Bronce,Malos
984,4/6/2013,2104,2,1,1," $ 738,00 ",4,"2,75",Spenders,Oro,Malos
985,4/5/2013,2105,2,7,4," $ 779,00 ",4,"3,5",Frequency,Oro,Buenos
986,4/4/2013,2106,2,5,3," $ 422,00 ",3,"2,75",Spenders,Plata,Malos
987,4/3/2013,2107,2,7,4," $ 504,00 ",3,3,Spenders,Plata,Buenos
988,4/2/2013,2108,2,1,1," $ 647,00 ",4,"2,75",Spenders,Oro,Malos
989,4/1/2013,2109,2,10,5," $ 819,00 ",5,"4,25",Best,Oro,Buenos
990,3/31/2013,2110,2,3,2," $ 1,00 ",1,"1,5",Spenders,Bronce,Malos
991,3/30/2013,2111,2,7,4," $ 931,00 ",5,4,Frequency,Oro,Buenos
992,3/29/2013,2112,2,2,2," $ 853,00 ",5,"3,5",Frequency,Oro,Buenos
993,3/28/2013,2113,2,6,4," $ 371,00 ",2,"2,5",Spenders,Plata,Malos
994,3/27/2013,2114,2,8,5," $ 47,00 ",1,"2,25",Spenders,Bronce,Malos
995,3/26/2013,2115,2,4,3," $ 538,00 ",3,"2,75",Spenders,Plata,Malos
996,3/25/2013,2116,2,7,4," $ 610,00 ",4,"3,5",Frequency,Oro,Buenos
997,3/24/2013,2117,2,4,3," $ 553,00 ",3,"2,75",Spenders,Plata,Malos
998,3/23/2013,2118,2,4,3," $ 195,00 ",1,"1,75",Spenders,Bronce,Malos