Cuenta,Compra mas reciente,Recencia en días,PUNTOS_R,Número de compras (Tickets),PUNTOS_F,Total de compras (Monto),PUNTOS_M,Puntos,Segmentación 1,Segmentación 2,Segmentación 3
1,2015-12-16,1120,4,10,5,"1.000,00",5,"4,75",Top,Oro,Buenos
2,2015-12-14,1122,4,2,2,"490,00",3,3,Spenders,Plata,Buenos
3,2015-12-13,1123,4,7,4,"287,00",2,3,Spenders,Plata,Buenos
4,2015-12-12,1124,4,4,3,"259,00",2,"2,75",Spenders,Plata,Malos
5,2015-12-11,1125,4,6,4,"866,00",5,"4,5",Best,Oro,Buenos
6,2015-12-10,1126,4,7,4,"282,00",2,3,Spenders,Plata,Buenos
7,2015-12-09,1127,4,4,3,"967,00",5,"4,25",Best,Oro,Buenos
8,2015-12-08,1128,4,7,4,"516,00",3,"3,5",Frequency,Plata,Buenos
9,2015-12-07,1129,4,8,5,"926,00",5,"4,75",Top,Oro,Buenos
10,2015-12-06,1130,4,5,3,"4,00",1,"2,25",Spenders,Bronce,Malos
11,2015-12-05,1131,4,9,5,"7,00",1,"2,75",Spenders,Bronce,Malos
12,2015-12-04,1132,4,5,3,"605,00",4,"3,75",Frequency,Oro,Buenos
13,2015-12-03,1133,4,9,5,"327,00",2,"3,25",Spenders,Plata,Buenos
14,2015-12-02,1134,4,8,5,"987,00",5,"4,75",Top,Oro,Buenos
15,2015-12-01,1135,4,2,2,"523,00",3,3,Spenders,Plata,Buenos
16,2015-11-30,1136,4,7,4,"929,00",5,"4,5",Best,Oro,Buenos
17,2015-11-29,1137,4,9,5,"681,00",4,"4,25",Best,Oro,Buenos
18,2015-11-28,1138,4,3,2,"445,00",3,3,Spenders,Plata,Buenos
19,2015-11-27,1139,4,2,2,"257,00",2,"2,5",Spenders,Plata,Malos
20,2015-11-26,1140,4,10,5,"882,00",5,"4,75",Top,Oro,Buenos
21,2015-11-25,1141,4,2,2,"64,00",1,2,Spenders,Bronce,Malos
22,2015-11-24,1142,4,3,2,"71,00",1,2,Spenders,Bronce,Malos
23,2015-11-23,1143,4,6,4,"432,00",3,"3,5",Frequency,Plata,Buenos
24,2015-11-22,1144,4,7,4,"216,00",2,3,Spenders,Plata,Buenos
25,2015-11-21,1145,4,9,5,"573,00",3,"3,75",Frequency,Plata,Buenos
26,2015-11-20,1146,4,8,5,"744,00",4,"4,25",Best,Oro,Buenos
27,2015-11-19,1147,4,9,5,"653,00",4,"4,25",Best,Oro,Buenos
28,2015-11-18,1148,4,3,2,"968,00",5,4,Frequency,Oro,Buenos
29,2015-11-17,1149,4,3,2,"581,00",3,3,Spenders,Plata,Buenos
30,2015-11-16,1150,4,3,2,"779,00",4,"3,5",Frequency,Oro,Buenos
31,2015-11-15,1151,4,5,3,"881,00",5,"4,25",Best,Oro,Buenos
32,2015-11-14,1152,4,1,1,"745,00",4,"3,25",Spenders,Oro,Buenos
33,2015-11-13,1153,4,5,3,"472,00",3,"3,25",Spenders,Plata,Buenos
34,2015-11-12,1154,4,4,3,"843,00",5,"4,25",Best,Oro,Buenos
35,2015-11-11,1155,4,7,4,"1.000,00",5,"4,5",Best,Oro,Buenos
36,2015-11-10,1156,4,10,5,"217,00",2,"3,25",Spenders,Plata,Buenos
37,2015-11-09,1157,4,10,5,"288,00",2,"3,25",Spenders,Plata,Buenos
38,2015-11-08,1158,4,2,2,"660,00",4,"3,5",Frequency,Oro,Buenos
39,2015-11-07,1159,4,6,4,"308,00",2,3,Spenders,Plata,Buenos
40,2015-11-06,1160,4,1,1,"270,00",2,"2,25",Spenders,Plata,Malos
41,2015-11-05,1161,4,7,4,"87,00",1,"2,5",Spenders,Bronce,Malos
42,2015-11-04,1162,4,5,3,"504,00",3,"3,25",Spenders,Plata,Buenos
43,2015-11-03,1163,4,3,2,"317,00",2,"2,5",Spenders,Plata,Malos
44,2015-11-02,1164,4,4,3,"294,00",2,"2,75",Spenders,Plata,Malos
45,2015-11-01,1165,4,10,5,"434,00",3,"3,75",Frequency,Plata,Buenos
46,2015-10-31,1166,4,8,5,"82,00",1,"2,75",Spenders,Bronce,Malos
47,2015-10-30,1167,4,7,4,"990,00",5,"4,5",Best,Oro,Buenos
48,2015-10-29,1168,4,3,2,"837,00",5,4,Frequency,Oro,Buenos
49,2015-10-28,1169,4,5,3,"490,00",3,"3,25",Spenders,Plata,Buenos
50,2015-10-27,1170,4,4,3,"48,00",1,"2,25",Spenders,Bronce,Malos
51,2015-10-26,1171,4,6,4,"267,00",2,3,Spenders,Plata,Buenos
52,2015-10-25,1172,4,6,4,"273,00",2,3,Spenders,Plata,Buenos
53,2015-10-24,1173,4,10,5,"422,00",3,"3,75",Frequency,Plata,Buenos
54,2015-10-23,1174,4,6,4,"382,00",2,3,Spenders,Plata,Buenos
55,2015-10-22,1175,4,4,3,"345,00",2,"2,75",Spenders,Plata,Malos
56,2015-10-21,1176,4,8,5,"922,00",5,"4,75",Top,Oro,Buenos
57,2015-10-20,1177,4,2,2,"163,00",1,2,Spenders,Bronce,Malos
58,2015-10-19,1178,4,3,2,"29,00",1,2,Spenders,Bronce,Malos
59,2015-10-18,1179,4,7,4,"544,00",3,"3,5",Frequency,Plata,Buenos
60,2015-10-17,1180,4,5,3,"506,00",3,"3,25",Spenders,Plata,Buenos
61,2015-10-16,1181,4,8,5,"51,00",1,"2,75",Spenders,Bronce,Malos
62,2015-10-15,1182,4,9,5,"203,00",2,"3,25",Spenders,Plata,Buenos
63,2015-10-14,1183,4,7,4,"74,00",1,"2,5",Spenders,Bronce,Malos
64,2015-10-13,1184,4,9,5,"161,00",1,"2,75",Spenders,Bronce,Malos
65,2015-10-12,1185,4,5,3,"73,00",1,"2,25",Spenders,Bronce,Malos
66,2015-10-11,1186,4,2,2,"594,00",3,3,Spenders,Plata,Buenos
67,2015-10-10,1187,4,3,2,"351,00",2,"2,5",Spenders,Plata,Malos
68,2015-10-09,1188,4,9,5,"820,00",5,"4,75",Top,Oro,Buenos
69,2015-10-08,1189,4,2,2,"679,00",4,"3,5",Frequency,Oro,Buenos
70,2015-10-07,1190,4,7,4,"854,00",5,"4,5",Best,Oro,Buenos
71,2015-10-06,1191,4,3,2,"419,00",3,3,Spenders,Plata,Buenos
72,2015-10-05,1192,4,8,5,"386,00",2,"3,25",Spenders,Plata,Buenos
73,2015-10-04,1193,4,7,4,"518,00",3,"3,5",Frequency,Plata,Buenos
74,2015-10-03,1194,4,8,5,"632,00",4,"4,25",Best,Oro,Buenos
75,2015-10-02,1195,4,2,2,"69,00",1,2,Spenders,Bronce,Malos
76,2015-10-01,1196,4,2,2,"236,00",2,"2,5",Spenders,Plata,Malos
77,2015-09-30,1197,4,10,5,"489,00",3,"3,75",Frequency,Plata,Buenos
78,2015-09-29,1198,4,3,2,"299,00",2,"2,5",Spenders,Plata,Malos
79,2015-09-28,1199,4,4,3,"796,00",4,"3,75",Frequency,Oro,Buenos
80,2015-09-27,1200,4,9,5,"733,00",4,"4,25",Best,Oro,Buenos
81,2015-09-26,1201,4,7,4,"853,00",5,"4,5",Best,Oro,Buenos
82,2015-09-25,1202,4,1,1,"659,00",4,"3,25",Spenders,Oro,Buenos
83,2015-09-24,1203,4,7,4,"716,00",4,4,Frequency,Oro,Buenos
84,2015-09-23,1204,4,10,5,"903,00",5,"4,75",Top,Oro,Buenos
85,2015-09-22,1205,4,4,3,"229,00",2,"2,75",Spenders,Plata,Malos
86,2015-09-21,1206,4,1,1,"983,00",5,"3,75",Frequency,Oro,Buenos
87,2015-09-20,1207,4,9,5,"265,00",2,"3,25",Spenders,Plata,Buenos
88,2015-09-19,1208,4,6,4,"748,00",4,4,Frequency,Oro,Buenos
89,2015-09-18,1209,4,5,3,"469,00",3,"3,25",Spenders,Plata,Buenos
90,2015-09-17,1210,4,4,3,"344,00",2,"2,75",Spenders,Plata,Malos
91,2015-09-16,1211,4,10,5,"666,00",4,"4,25",Best,Oro,Buenos
92,2015-09-15,1212,4,8,5,"225,00",2,"3,25",Spenders,Plata,Buenos
93,2015-09-14,1213,4,6,4,"301,00",2,3,Spenders,Plata,Buenos
94,2015-09-13,1214,4,4,3,"583,00",3,"3,25",Spenders,Plata,Buenos
95,2015-09-12,1215,4,4,3,"300,00",2,"2,75",Spenders,Plata,Malos
96,2015-09-11,1216,4,6,4,"452,00",3,"3,5",Frequency,Plata,Buenos
97,2015-09-10,1217,4,9,5,"608,00",4,"4,25",Best,Oro,Buenos
98,2015-09-09,1218,4,7,4,"429,00",3,"3,5",Frequency,Plata,Buenos
99,2015-09-08,1219,4,3,2,"494,00",3,3,Spenders,Plata,Buenos
100,2015-09-07,1220,4,1,1,"42,00",1,"1,75",Spenders,Bronce,Malos
101,2015-09-06,1221,4,5,3,"38,00",1,"2,25",Spenders,Bronce,Malos
102,2015-09-05,1222,4,2,2,"38,00",1,2,Spenders,Bronce,Malos
103,2015-09-04,1223,4,4,3,"802,00",5,"4,25",Best,Oro,Buenos
104,2015-09-03,1224,4,9,5,"654,00",4,"4,25",Best,Oro,Buenos
105,2015-09-02,1225,4,9,5,"819,00",5,"4,75",Top,Oro,Buenos
106,2015-09-01,1226,4,4,3,"596,00",3,"3,25",Spenders,Plata,Buenos
107,2015-08-31,1227,4,1,1,"541,00",3,"2,75",Spenders,Plata,Malos
108,2015-08-30,1228,4,2,2,"463,00",3,3,Spenders,Plata,Buenos
109,2015-08-29,1229,4,10,5,"532,00",3,"3,75",Frequency,Plata,Buenos
110,2015-08-28,1230,4,8,5,"594,00",3,"3,75",Frequency,Plata,Buenos
111,2015-08-27,1231,4,3,2,"907,00",5,4,Frequency,Oro,Buenos
112,2015-08-26,1232,4,3,2,"810,00",5,4,Frequency,Oro,Buenos
113,2015-08-25,1233,4,1,1,"893,00",5,"3,75",Frequency,Oro,Buenos
114,2015-08-24,1234,4,8,5,"630,00",4,"4,25",Best,Oro,Buenos
115,2015-08-23,1235,4,5,3,"493,00",3,"3,25",Spenders,Plata,Buenos
116,2015-08-22,1236,4,4,3,"842,00",5,"4,25",Best,Oro,Buenos
117,2015-08-21,1237,4,7,4,"720,00",4,4,Frequency,Oro,Buenos
118,2015-08-20,1238,4,2,2,"264,00",2,"2,5",Spenders,Plata,Malos
119,2015-08-19,1239,4,2,2,"240,00",2,"2,5",Spenders,Plata,Malos
120,2015-08-18,1240,4,1,1,"654,00",4,"3,25",Spenders,Oro,Buenos
121,2015-08-17,1241,4,3,2,"519,00",3,3,Spenders,Plata,Buenos
122,2015-08-16,1242,4,4,3,"87,00",1,"2,25",Spenders,Bronce,Malos
123,2015-08-15,1243,4,10,5,"506,00",3,"3,75",Frequency,Plata,Buenos
124,2015-08-14,1244,4,2,2,"938,00",5,4,Frequency,Oro,Buenos
125,2015-08-13,1245,4,2,2,"21,00",1,2,Spenders,Bronce,Malos
126,2015-08-12,1246,4,2,2,"574,00",3,3,Spenders,Plata,Buenos
127,2015-08-11,1247,4,1,1,"849,00",5,"3,75",Frequency,Oro,Buenos
128,2015-08-10,1248,4,10,5,"587,00",3,"3,75",Frequency,Plata,Buenos
129,2015-08-09,1249,4,9,5,"324,00",2,"3,25",Spenders,Plata,Buenos
130,2015-08-08,1250,4,7,4,"668,00",4,4,Frequency,Oro,Buenos
131,2015-08-07,1251,4,3,2,"843,00",5,4,Frequency,Oro,Buenos
132,2015-08-06,1252,4,3,2,"887,00",5,4,Frequency,Oro,Buenos
133,2015-08-05,1253,4,10,5,"220,00",2,"3,25",Spenders,Plata,Buenos
134,2015-08-04,1254,4,5,3,"304,00",2,"2,75",Spenders,Plata,Malos
135,2015-08-03,1255,4,1,1,"23,00",1,"1,75",Spenders,Bronce,Malos
136,2015-08-02,1256,4,1,1,"628,00",4,"3,25",Spenders,Oro,Buenos
137,2015-08-01,1257,4,9,5,"93,00",1,"2,75",Spenders,Bronce,Malos
138,2015-07-31,1258,4,1,1,"552,00",3,"2,75",Spenders,Plata,Malos
139,2015-07-30,1259,4,3,2,"551,00",3,3,Spenders,Plata,Buenos
140,2015-07-29,1260,4,2,2,"78,00",1,2,Spenders,Bronce,Malos
141,2015-07-28,1261,4,3,2,"657,00",4,"3,5",Frequency,Oro,Buenos
142,2015-07-27,1262,4,3,2,"164,00",1,2,Spenders,Bronce,Malos
143,2015-07-26,1263,4,9,5,"958,00",5,"4,75",Top,Oro,Buenos
144,2015-07-25,1264,4,9,5,"512,00",3,"3,75",Frequency,Plata,Buenos
145,2015-07-24,1265,4,3,2,"166,00",1,2,Spenders,Bronce,Malos
146,2015-07-23,1266,4,9,5,"535,00",3,"3,75",Frequency,Plata,Buenos
147,2015-07-22,1267,4,4,3,"709,00",4,"3,75",Frequency,Oro,Buenos
148,2015-07-21,1268,4,4,3,"199,00",1,"2,25",Spenders,Bronce,Malos
149,2015-07-20,1269,4,4,3,"127,00",1,"2,25",Spenders,Bronce,Malos
150,2015-07-19,1270,4,4,3,"823,00",5,"4,25",Best,Oro,Buenos
151,2015-07-18,1271,4,4,3,"918,00",5,"4,25",Best,Oro,Buenos
152,2015-07-17,1272,4,2,2,"858,00",5,4,Frequency,Oro,Buenos
153,2015-07-16,1273,4,4,3,"120,00",1,"2,25",Spenders,Bronce,Malos
154,2015-07-15,1274,4,10,5,"212,00",2,"3,25",Spenders,Plata,Buenos
155,2015-07-14,1275,4,2,2,"743,00",4,"3,5",Frequency,Oro,Buenos
156,2015-07-13,1276,4,10,5,"715,00",4,"4,25",Best,Oro,Buenos
157,2015-07-12,1277,4,3,2,"304,00",2,"2,5",Spenders,Plata,Malos
158,2015-07-11,1278,4,5,3,"843,00",5,"4,25",Best,Oro,Buenos
159,2015-07-10,1279,4,2,2,"222,00",2,"2,5",Spenders,Plata,Malos
160,2015-07-09,1280,4,8,5,"421,00",3,"3,75",Frequency,Plata,Buenos
161,2015-07-08,1281,4,4,3,"836,00",5,"4,25",Best,Oro,Buenos
162,2015-07-07,1282,4,5,3,"955,00",5,"4,25",Best,Oro,Buenos
163,2015-07-06,1283,4,3,2,"568,00",3,3,Spenders,Plata,Buenos
164,2015-07-05,1284,4,6,4,"636,00",4,4,Frequency,Oro,Buenos
165,2015-07-04,1285,4,10,5,"941,00",5,"4,75",Top,Oro,Buenos
166,2015-07-03,1286,4,8,5,"930,00",5,"4,75",Top,Oro,Buenos
167,2015-07-02,1287,4,9,5,"599,00",3,"3,75",Frequency,Plata,Buenos
168,2015-07-01,1288,4,2,2,"159,00",1,2,Spenders,Bronce,Malos
169,2015-06-30,1289,4,3,2,"245,00",2,"2,5",Spenders,Plata,Malos
170,2015-06-29,1290,4,5,3,"540,00",3,"3,25",Spenders,Plata,Buenos
171,2015-06-28,1291,4,6,4,"325,00",2,3,Spenders,Plata,Buenos
172,2015-06-27,1292,4,8,5,"551,00",3,"3,75",Frequency,Plata,Buenos
173,2015-06-26,1293,4,10,5,"513,00",3,"3,75",Frequency,Plata,Buenos
174,2015-06-25,1294,4,8,5,"543,00",3,"3,75",Frequency,Plata,Buenos
175,2015-06-24,1295,4,2,2,"668,00",4,"3,5",Frequency,Oro,Buenos
176,2015-06-23,1296,3,1,1,"860,00",5,"3,5",Frequency,Oro,Buenos
177,2015-06-22,1297,3,4,3,"201,00",2,"2,5",Spenders,Plata,Malos
178,2015-06-21,1298,3,4,3,"104,00",1,2,Spenders,Bronce,Malos
179,2015-06-20,1299,3,6,4,"245,00",2,"2,75",Spenders,Plata,Malos
180,2015-06-19,1300,3,5,3,"642,00",4,"3,5",Frequency,Oro,Buenos
181,2015-06-18,1301,3,7,4,"831,00",5,"4,25",Best,Oro,Buenos
182,2015-06-17,1302,3,5,3,"123,00",1,2,Spenders,Bronce,Malos
183,2015-06-16,1303,3,6,4,"360,00",2,"2,75",Spenders,Plata,Malos
184,2015-06-15,1304,3,4,3,"756,00",4,"3,5",Frequency,Oro,Buenos
185,2015-06-14,1305,3,8,5,"631,00",4,4,Frequency,Oro,Buenos
186,2015-06-13,1306,3,6,4,"995,00",5,"4,25",Best,Oro,Buenos
187,2015-06-12,1307,3,5,3,"613,00",4,"3,5",Frequency,Oro,Buenos
188,2015-06-11,1308,3,8,5,"547,00",3,"3,5",Frequency,Plata,Buenos
189,2015-06-10,1309,3,9,5,"724,00",4,4,Frequency,Oro,Buenos
190,2015-06-09,1310,3,3,2,"545,00",3,"2,75",Spenders,Plata,Malos
191,2015-06-08,1311,3,9,5,"456,00",3,"3,5",Frequency,Plata,Buenos
192,2015-06-07,1312,3,9,5,"700,00",4,4,Frequency,Oro,Buenos
193,2015-06-06,1313,3,8,5,"147,00",1,"2,5",Spenders,Bronce,Malos
194,2015-06-05,1314,3,6,4,"687,00",4,"3,75",Frequency,Oro,Buenos
195,2015-06-04,1315,3,8,5,"172,00",1,"2,5",Spenders,Bronce,Malos
196,2015-06-03,1316,3,4,3,"58,00",1,2,Spenders,Bronce,Malos
197,2015-06-02,1317,3,1,1,"65,00",1,"1,5",Spenders,Bronce,Malos
198,2015-06-01,1318,3,2,2,"623,00",4,"3,25",Spenders,Oro,Buenos
199,2015-05-31,1319,3,6,4,"384,00",2,"2,75",Spenders,Plata,Malos
200,2015-05-30,1320,3,8,5,"561,00",3,"3,5",Frequency,Plata,Buenos
201,2015-05-29,1321,3,10,5,"302,00",2,3,Spenders,Plata,Buenos
202,2015-05-28,1322,3,5,3,"932,00",5,4,Frequency,Oro,Buenos
203,2015-05-27,1323,3,3,2,"320,00",2,"2,25",Spenders,Plata,Malos
204,2015-05-26,1324,3,6,4,"905,00",5,"4,25",Best,Oro,Buenos
205,2015-05-25,1325,3,5,3,"571,00",3,3,Spenders,Plata,Buenos
206,2015-05-24,1326,3,5,3,"928,00",5,4,Frequency,Oro,Buenos
207,2015-05-23,1327,3,10,5,"544,00",3,"3,5",Frequency,Plata,Buenos
208,2015-05-22,1328,3,8,5,"240,00",2,3,Spenders,Plata,Buenos
209,2015-05-21,1329,3,2,2,"145,00",1,"1,75",Spenders,Bronce,Malos
210,2015-05-20,1330,3,8,5,"66,00",1,"2,5",Spenders,Bronce,Malos
211,2015-05-19,1331,3,8,5,"723,00",4,4,Frequency,Oro,Buenos
212,2015-05-18,1332,3,7,4,"635,00",4,"3,75",Frequency,Oro,Buenos
213,2015-05-17,1333,3,3,2,"750,00",4,"3,25",Spenders,Oro,Buenos
214,2015-05-16,1334,3,2,2,"666,00",4,"3,25",Spenders,Oro,Buenos
215,2015-05-15,1335,3,1,1,"823,00",5,"3,5",Frequency,Oro,Buenos
216,2015-05-14,1336,3,8,5,"823,00",5,"4,5",Best,Oro,Buenos
217,2015-05-13,1337,3,8,5,"639,00",4,4,Frequency,Oro,Buenos
218,2015-05-12,1338,3,4,3,"514,00",3,3,Spenders,Plata,Buenos
219,2015-05-11,1339,3,1,1,"488,00",3,"2,5",Spenders,Plata,Malos
220,2015-05-10,1340,3,9,5,"390,00",2,3,Spenders,Plata,Buenos
221,2015-05-09,1341,3,6,4,"991,00",5,"4,25",Best,Oro,Buenos
222,2015-05-08,1342,3,3,2,"635,00",4,"3,25",Spenders,Oro,Buenos
223,2015-05-07,1343,3,2,2,"357,00",2,"2,25",Spenders,Plata,Malos
224,2015-05-06,1344,3,6,4,"244,00",2,"2,75",Spenders,Plata,Malos
225,2015-05-05,1345,3,2,2,"858,00",5,"3,75",Frequency,Oro,Buenos
226,2015-05-04,1346,3,10,5,"792,00",4,4,Frequency,Oro,Buenos
227,2015-05-03,1347,3,2,2,"101,00",1,"1,75",Spenders,Bronce,Malos
228,2015-05-02,1348,3,4,3,"512,00",3,3,Spenders,Plata,Buenos
229,2015-05-01,1349,3,2,2,"793,00",4,"3,25",Spenders,Oro,Buenos
230,2015-04-30,1350,3,8,5,"945,00",5,"4,5",Best,Oro,Buenos
231,2015-04-29,1351,3,4,3,"886,00",5,4,Frequency,Oro,Buenos
232,2015-04-28,1352,3,1,1,"695,00",4,3,Spenders,Oro,Buenos
233,2015-04-27,1353,3,9,5,"976,00",5,"4,5",Best,Oro,Buenos
234,2015-04-26,1354,3,3,2,"724,00",4,"3,25",Spenders,Oro,Buenos
235,2015-04-25,1355,3,9,5,"502,00",3,"3,5",Frequency,Plata,Buenos
236,2015-04-24,1356,3,8,5,"180,00",1,"2,5",Spenders,Bronce,Malos
237,2015-04-23,1357,3,7,4,"339,00",2,"2,75",Spenders,Plata,Malos
238,2015-04-22,1358,3,6,4,"594,00",3,"3,25",Spenders,Plata,Buenos
239,2015-04-21,1359,3,9,5,"368,00",2,3,Spenders,Plata,Buenos
240,2015-04-20,1360,3,6,4,"474,00",3,"3,25",Spenders,Plata,Buenos
241,2015-04-19,1361,3,5,3,"278,00",2,"2,5",Spenders,Plata,Malos
242,2015-04-18,1362,3,9,5,"970,00",5,"4,5",Best,Oro,Buenos
243,2015-04-17,1363,3,9,5,"540,00",3,"3,5",Frequency,Plata,Buenos
244,2015-04-16,1364,3,4,3,"850,00",5,4,Frequency,Oro,Buenos
245,2015-04-15,1365,3,7,4,"273,00",2,"2,75",Spenders,Plata,Malos
246,2015-04-14,1366,3,8,5,"230,00",2,3,Spenders,Plata,Buenos
247,2015-04-13,1367,3,2,2,"551,00",3,"2,75",Spenders,Plata,Malos
248,2015-04-12,1368,3,9,5,"916,00",5,"4,5",Best,Oro,Buenos
249,2015-04-11,1369,3,6,4,"809,00",5,"4,25",Best,Oro,Buenos
250,2015-04-10,1370,3,6,4,"773,00",4,"3,75",Frequency,Oro,Buenos
251,2015-04-09,1371,3,6,4,"90,00",1,"2,25",Spenders,Bronce,Malos
252,2015-04-08,1372,3,10,5,"866,00",5,"4,5",Best,Oro,Buenos
253,2015-04-07,1373,3,8,5,"924,00",5,"4,5",Best,Oro,Buenos
254,2015-04-06,1374,3,2,2,"48,00",1,"1,75",Spenders,Bronce,Malos
255,2015-04-05,1375,3,7,4,"501,00",3,"3,25",Spenders,Plata,Buenos
256,2015-04-04,1376,3,5,3,"690,00",4,"3,5",Frequency,Oro,Buenos
257,2015-04-03,1377,3,5,3,"667,00",4,"3,5",Frequency,Oro,Buenos
258,2015-04-02,1378,3,1,1,"234,00",2,2,Spenders,Plata,Malos
259,2015-04-01,1379,3,5,3,"885,00",5,4,Frequency,Oro,Buenos
260,2015-03-31,1380,3,10,5,"93,00",1,"2,5",Spenders,Bronce,Malos
261,2015-03-30,1381,3,5,3,"971,00",5,4,Frequency,Oro,Buenos
262,2015-03-29,1382,3,8,5,"941,00",5,"4,5",Best,Oro,Buenos
263,2015-03-28,1383,3,5,3,"570,00",3,3,Spenders,Plata,Buenos
264,2015-03-27,1384,3,7,4,"557,00",3,"3,25",Spenders,Plata,Buenos
265,2015-03-26,1385,3,3,2,"344,00",2,"2,25",Spenders,Plata,Malos
266,2015-03-25,1386,3,9,5,"43,00",1,"2,5",Spenders,Bronce,Malos
267,2015-03-24,1387,3,6,4,"550,00",3,"3,25",Spenders,Plata,Buenos
268,2015-03-23,1388,3,6,4,"844,00",5,"4,25",Best,Oro,Buenos
269,2015-03-22,1389,3,6,4,"692,00",4,"3,75",Frequency,Oro,Buenos
270,2015-03-21,1390,3,2,2,"616,00",4,"3,25",Spenders,Oro,Buenos
271,2015-03-20,1391,3,9,5,"10,00",1,"2,5",Spenders,Bronce,Malos
272,2015-03-19,1392,3,1,1,"647,00",4,3,Spenders,Oro,Buenos
273,2015-03-18,1393,3,4,3,"91,00",1,2,Spenders,Bronce,Malos
274,2015-03-17,1394,3,1,1,"556,00",3,"2,5",Spenders,Plata,Malos
275,2015-03-16,1395,3,10,5,"68,00",1,"2,5",Spenders,Bronce,Malos
276,2015-03-15,1396,3,9,5,"519,00",3,"3,5",Frequency,Plata,Buenos
277,2015-03-14,1397,3,7,4,"627,00",4,"3,75",Frequency,Oro,Buenos
278,2015-03-13,1398,3,7,4,"1.000,00",5,"4,25",Best,Oro,Buenos
279,2015-03-12,1399,3,6,4,"7,00",1,"2,25",Spenders,Bronce,Malos
280,2015-03-11,1400,3,1,1,"821,00",5,"3,5",Frequency,Oro,Buenos
281,2015-03-10,1401,3,4,3,"510,00",3,3,Spenders,Plata,Buenos
282,2015-03-09,1402,3,9,5,"542,00",3,"3,5",Frequency,Plata,Buenos
283,2015-03-08,1403,3,3,2,"99,00",1,"1,75",Spenders,Bronce,Malos
284,2015-03-07,1404,3,4,3,"278,00",2,"2,5",Spenders,Plata,Malos
285,2015-03-06,1405,3,6,4,"719,00",4,"3,75",Frequency,Oro,Buenos
286,2015-03-05,1406,3,6,4,"91,00",1,"2,25",Spenders,Bronce,Malos
287,2015-03-04,1407,3,4,3,"816,00",5,4,Frequency,Oro,Buenos
288,2015-03-03,1408,3,10,5,"215,00",2,3,Spenders,Plata,Buenos
289,2015-03-02,1409,3,8,5,"215,00",2,3,Spenders,Plata,Buenos
290,2015-03-01,1410,3,4,3,"825,00",5,4,Frequency,Oro,Buenos
291,2015-02-28,1411,3,6,4,"610,00",4,"3,75",Frequency,Oro,Buenos
292,2015-02-27,1412,3,6,4,"65,00",1,"2,25",Spenders,Bronce,Malos
293,2015-02-26,1413,3,5,3,"249,00",2,"2,5",Spenders,Plata,Malos
294,2015-02-25,1414,3,8,5,"930,00",5,"4,5",Best,Oro,Buenos
295,2015-02-24,1415,3,8,5,"666,00",4,4,Frequency,Oro,Buenos
296,2015-02-23,1416,3,6,4,"704,00",4,"3,75",Frequency,Oro,Buenos
297,2015-02-22,1417,3,10,5,"617,00",4,4,Frequency,Oro,Buenos
298,2015-02-21,1418,3,9,5,"719,00",4,4,Frequency,Oro,Buenos
299,2015-02-20,1419,3,9,5,"428,00",3,"3,5",Frequency,Plata,Buenos
300,2015-02-19,1420,3,7,4,"418,00",3,"3,25",Spenders,Plata,Buenos
301,2015-02-18,1421,3,10,5,"739,00",4,4,Frequency,Oro,Buenos
302,2015-02-17,1422,3,7,4,"716,00",4,"3,75",Frequency,Oro,Buenos
303,2015-02-16,1423,3,5,3,"922,00",5,4,Frequency,Oro,Buenos
304,2015-02-15,1424,3,8,5,"808,00",5,"4,5",Best,Oro,Buenos
305,2015-02-14,1425,3,6,4,"656,00",4,"3,75",Frequency,Oro,Buenos
306,2015-02-13,1426,3,6,4,"843,00",5,"4,25",Best,Oro,Buenos
307,2015-02-12,1427,3,1,1,"170,00",1,"1,5",Spenders,Bronce,Malos
308,2015-02-11,1428,3,1,1,"712,00",4,3,Spenders,Oro,Buenos
309,2015-02-10,1429,3,4,3,"381,00",2,"2,5",Spenders,Plata,Malos
310,2015-02-09,1430,3,3,2,"748,00",4,"3,25",Spenders,Oro,Buenos
311,2015-02-08,1431,3,8,5,"14,00",1,"2,5",Spenders,Bronce,Malos
312,2015-02-07,1432,3,3,2,"36,00",1,"1,75",Spenders,Bronce,Malos
313,2015-02-06,1433,3,7,4,"788,00",4,"3,75",Frequency,Oro,Buenos
314,2015-02-05,1434,3,10,5,"361,00",2,3,Spenders,Plata,Buenos
315,2015-02-04,1435,3,8,5,"50,00",1,"2,5",Spenders,Bronce,Malos
316,2015-02-03,1436,3,7,4,"522,00",3,"3,25",Spenders,Plata,Buenos
317,2015-02-02,1437,3,9,5,"169,00",1,"2,5",Spenders,Bronce,Malos
318,2015-02-01,1438,3,1,1,"290,00",2,2,Spenders,Plata,Malos
319,2015-01-31,1439,3,10,5,"775,00",4,4,Frequency,Oro,Buenos
320,2015-01-30,1440,3,7,4,"919,00",5,"4,25",Best,Oro,Buenos
321,2015-01-29,1441,3,1,1,"350,00",2,2,Spenders,Plata,Malos
322,2015-01-28,1442,3,6,4,"490,00",3,"3,25",Spenders,Plata,Buenos
323,2015-01-27,1443,3,7,4,"149,00",1,"2,25",Spenders,Bronce,Malos
324,2015-01-26,1444,3,9,5,"978,00",5,"4,5",Best,Oro,Buenos
325,2015-01-25,1445,3,7,4,"962,00",5,"4,25",Best,Oro,Buenos
326,2015-01-24,1446,3,8,5,"109,00",1,"2,5",Spenders,Bronce,Malos
327,2015-01-23,1447,3,1,1,"427,00",3,"2,5",Spenders,Plata,Malos
328,2015-01-22,1448,3,3,2,"537,00",3,"2,75",Spenders,Plata,Malos
329,2015-01-21,1449,3,10,5,"237,00",2,3,Spenders,Plata,Buenos
330,2015-01-20,1450,3,7,4,"750,00",4,"3,75",Frequency,Oro,Buenos
331,2015-01-19,1451,3,7,4,"937,00",5,"4,25",Best,Oro,Buenos
332,2015-01-18,1452,3,9,5,"10,00",1,"2,5",Spenders,Bronce,Malos
333,2015-01-17,1453,3,8,5,"740,00",4,4,Frequency,Oro,Buenos
334,2015-01-16,1454,3,9,5,"424,00",3,"3,5",Frequency,Plata,Buenos
335,2015-01-15,1455,3,8,5,"513,00",3,"3,5",Frequency,Plata,Buenos
336,2015-01-14,1456,3,6,4,"109,00",1,"2,25",Spenders,Bronce,Malos
337,2015-01-13,1457,3,1,1,"711,00",4,3,Spenders,Oro,Buenos
338,2015-01-12,1458,3,4,3,"444,00",3,3,Spenders,Plata,Buenos
339,2015-01-11,1459,3,1,1,"937,00",5,"3,5",Frequency,Oro,Buenos
340,2015-01-10,1460,3,7,4,"233,00",2,"2,75",Spenders,Plata,Malos
341,2015-01-09,1461,3,9,5,"692,00",4,4,Frequency,Oro,Buenos
342,2015-01-08,1462,3,3,2,"58,00",1,"1,75",Spenders,Bronce,Malos
343,2015-01-07,1463,3,2,2,"4,00",1,"1,75",Spenders,Bronce,Malos
344,2015-01-06,1464,3,10,5,"49,00",1,"2,5",Spenders,Bronce,Malos
345,2015-01-05,1465,3,10,5,"557,00",3,"3,5",Frequency,Plata,Buenos
346,2015-01-04,1466,3,3,2,"473,00",3,"2,75",Spenders,Plata,Malos
347,2015-01-03,1467,3,6,4,"495,00",3,"3,25",Spenders,Plata,Buenos
348,2015-01-02,1468,3,3,2,"839,00",5,"3,75",Frequency,Oro,Buenos
349,2015-01-01,1469,3,2,2,"299,00",2,"2,25",Spenders,Plata,Malos
350,2014-12-31,1470,3,10,5,"171,00",1,"2,5",Spenders,Bronce,Malos
351,2014-12-30,1471,3,4,3,"437,00",3,3,Spenders,Plata,Buenos
352,2014-12-29,1472,3,1,1,"153,00",1,"1,5",Spenders,Bronce,Malos
353,2014-12-28,1473,3,10,5,"125,00",1,"2,5",Spenders,Bronce,Malos
354,2014-12-27,1474,3,9,5,"428,00",3,"3,5",Frequency,Plata,Buenos
355,2014-12-26,1475,3,9,5,"901,00",5,"4,5",Best,Oro,Buenos
356,2014-12-25,1476,3,3,2,"75,00",1,"1,75",Spenders,Bronce,Malos
357,2014-12-24,1477,3,4,3,"14,00",1,2,Spenders,Bronce,Malos
358,2014-12-23,1478,3,4,3,"783,00",4,"3,5",Frequency,Oro,Buenos
359,2014-12-22,1479,3,2,2,"538,00",3,"2,75",Spenders,Plata,Malos
360,2014-12-21,1480,3,4,3,"480,00",3,3,Spenders,Plata,Buenos
361,2014-12-20,1481,3,10,5,"873,00",5,"4,5",Best,Oro,Buenos
362,2014-12-19,1482,3,7,4,"352,00",2,"2,75",Spenders,Plata,Malos
363,2014-12-18,1483,3,5,3,"357,00",2,"2,5",Spenders,Plata,Malos
364,2014-12-17,1484,3,7,4,"851,00",5,"4,25",Best,Oro,Buenos
365,2014-12-16,1485,3,3,2,"934,00",5,"3,75",Frequency,Oro,Buenos
366,2014-12-15,1486,3,7,4,"583,00",3,"3,25",Spenders,Plata,Buenos
367,2014-12-14,1487,3,9,5,"250,00",2,3,Spenders,Plata,Buenos
368,2014-12-13,1488,3,2,2,"420,00",3,"2,75",Spenders,Plata,Malos
369,2014-12-12,1489,3,4,3,"452,00",3,3,Spenders,Plata,Buenos
370,2014-12-11,1490,3,6,4,"506,00",3,"3,25",Spenders,Plata,Buenos
371,2014-12-10,1491,3,8,5,"850,00",5,"4,5",Best,Oro,Buenos
372,2014-12-09,1492,3,9,5,"809,00",5,"4,5",Best,Oro,Buenos
373,2014-12-08,1493,3,8,5,"193,00",1,"2,5",Spenders,Bronce,Malos
374,2014-12-07,1494,3,2,2,"320,00",2,"2,25",Spenders,Plata,Malos
375,2014-12-06,1495,3,5,3,"316,00",2,"2,5",Spenders,Plata,Malos
376,2014-12-05,1496,3,10,5,"616,00",4,4,Frequency,Oro,Buenos
377,2014-12-04,1497,3,10,5,"723,00",4,4,Frequency,Oro,Buenos
378,2014-12-03,1498,3,4,3,"8,00",1,2,Spenders,Bronce,Malos
379,2014-12-02,1499,3,1,1,"113,00",1,"1,5",Spenders,Bronce,Malos
380,2014-12-01,1500,3,4,3,"679,00",4,"3,5",Frequency,Oro,Buenos
381,2014-11-30,1501,3,3,2,"289,00",2,"2,25",Spenders,Plata,Malos
382,2014-11-29,1502,3,3,2,"710,00",4,"3,25",Spenders,Oro,Buenos
383,2014-11-28,1503,3,1,1,"940,00",5,"3,5",Frequency,Oro,Buenos
384,2014-11-27,1504,3,10,5,"493,00",3,"3,5",Frequency,Plata,Buenos
385,2014-11-26,1505,3,3,2,"414,00",3,"2,75",Spenders,Plata,Malos
386,2014-11-25,1506,3,9,5,"437,00",3,"3,5",Frequency,Plata,Buenos
387,2014-11-24,1507,3,8,5,"955,00",5,"4,5",Best,Oro,Buenos
388,2014-11-23,1508,3,8,5,"6,00",1,"2,5",Spenders,Bronce,Malos
389,2014-11-22,1509,3,8,5,"288,00",2,3,Spenders,Plata,Buenos
390,2014-11-21,1510,3,2,2,"181,00",1,"1,75",Spenders,Bronce,Malos
391,2014-11-20,1511,3,10,5,"765,00",4,4,Frequency,Oro,Buenos
392,2014-11-19,1512,3,1,1,"826,00",5,"3,5",Frequency,Oro,Buenos
393,2014-11-18,1513,3,7,4,"493,00",3,"3,25",Spenders,Plata,Buenos
394,2014-11-17,1514,3,7,4,"851,00",5,"4,25",Best,Oro,Buenos
395,2014-11-16,1515,3,6,4,"525,00",3,"3,25",Spenders,Plata,Buenos
396,2014-11-15,1516,3,5,3,"243,00",2,"2,5",Spenders,Plata,Malos
397,2014-11-14,1517,3,2,2,"315,00",2,"2,25",Spenders,Plata,Malos
398,2014-11-13,1518,3,7,4,"93,00",1,"2,25",Spenders,Bronce,Malos
399,2014-11-12,1519,3,6,4,"128,00",1,"2,25",Spenders,Bronce,Malos
400,2014-11-11,1520,3,3,2,"814,00",5,"3,75",Frequency,Oro,Buenos
401,2014-11-10,1521,3,2,2,"94,00",1,"1,75",Spenders,Bronce,Malos
402,2014-11-09,1522,3,4,3,"712,00",4,"3,5",Frequency,Oro,Buenos
403,2014-11-08,1523,3,7,4,"905,00",5,"4,25",Best,Oro,Buenos
404,2014-11-07,1524,3,6,4,"249,00",2,"2,75",Spenders,Plata,Malos
405,2014-11-06,1525,3,8,5,"833,00",5,"4,5",Best,Oro,Buenos
406,2014-11-05,1526,3,6,4,"934,00",5,"4,25",Best,Oro,Buenos
407,2014-11-04,1527,3,9,5,"171,00",1,"2,5",Spenders,Bronce,Malos
408,2014-11-03,1528,3,6,4,"586,00",3,"3,25",Spenders,Plata,Buenos
409,2014-11-02,1529,3,10,5,"264,00",2,3,Spenders,Plata,Buenos
410,2014-11-01,1530,3,9,5,"681,00",4,4,Frequency,Oro,Buenos
411,2014-10-31,1531,3,8,5,"872,00",5,"4,5",Best,Oro,Buenos
412,2014-10-30,1532,3,4,3,"189,00",1,2,Spenders,Bronce,Malos
413,2014-10-29,1533,3,7,4,"273,00",2,"2,75",Spenders,Plata,Malos
414,2014-10-28,1534,3,5,3,"679,00",4,"3,5",Frequency,Oro,Buenos
415,2014-10-27,1535,3,5,3,"74,00",1,2,Spenders,Bronce,Malos
416,2014-10-26,1536,3,6,4,"73,00",1,"2,25",Spenders,Bronce,Malos
417,2014-10-25,1537,3,5,3,"422,00",3,3,Spenders,Plata,Buenos
418,2014-10-24,1538,3,3,2,"598,00",3,"2,75",Spenders,Plata,Malos
419,2014-10-23,1539,3,4,3,"993,00",5,4,Frequency,Oro,Buenos
420,2014-10-22,1540,3,9,5,"387,00",2,3,Spenders,Plata,Buenos
421,2014-10-21,1541,3,10,5,"228,00",2,3,Spenders,Plata,Buenos
422,2014-10-20,1542,3,10,5,"974,00",5,"4,5",Best,Oro,Buenos
423,2014-10-19,1543,3,2,2,"325,00",2,"2,25",Spenders,Plata,Malos
424,2014-10-18,1544,3,10,5,"915,00",5,"4,5",Best,Oro,Buenos
425,2014-10-17,1545,3,10,5,"628,00",4,4,Frequency,Oro,Buenos
426,2014-10-16,1546,3,6,4,"820,00",5,"4,25",Best,Oro,Buenos
427,2014-10-15,1547,3,2,2,"257,00",2,"2,25",Spenders,Plata,Malos
428,2014-10-14,1548,3,10,5,"13,00",1,"2,5",Spenders,Bronce,Malos
429,2014-10-13,1549,3,9,5,"494,00",3,"3,5",Frequency,Plata,Buenos
430,2014-10-12,1550,3,2,2,"297,00",2,"2,25",Spenders,Plata,Malos
431,2014-10-11,1551,3,9,5,"57,00",1,"2,5",Spenders,Bronce,Malos
432,2014-10-10,1552,3,1,1,"710,00",4,3,Spenders,Oro,Buenos
433,2014-10-09,1553,3,6,4,"736,00",4,"3,75",Frequency,Oro,Buenos
434,2014-10-08,1554,3,10,5,"634,00",4,4,Frequency,Oro,Buenos
435,2014-10-07,1555,3,6,4,"328,00",2,"2,75",Spenders,Plata,Malos
436,2014-10-06,1556,3,5,3,"430,00",3,3,Spenders,Plata,Buenos
437,2014-10-05,1557,3,4,3,"566,00",3,3,Spenders,Plata,Buenos
438,2014-10-04,1558,3,6,4,"390,00",2,"2,75",Spenders,Plata,Malos
439,2014-10-03,1559,3,2,2,"402,00",3,"2,75",Spenders,Plata,Malos
440,2014-10-02,1560,3,4,3,"72,00",1,2,Spenders,Bronce,Malos
441,2014-10-01,1561,3,8,5,"501,00",3,"3,5",Frequency,Plata,Buenos
442,2014-09-30,1562,3,9,5,"629,00",4,4,Frequency,Oro,Buenos
443,2014-09-29,1563,3,4,3,"219,00",2,"2,5",Spenders,Plata,Malos
444,2014-09-28,1564,3,9,5,"532,00",3,"3,5",Frequency,Plata,Buenos
445,2014-09-27,1565,3,9,5,"904,00",5,"4,5",Best,Oro,Buenos
446,2014-09-26,1566,3,8,5,"512,00",3,"3,5",Frequency,Plata,Buenos
447,2014-09-25,1567,3,9,5,"506,00",3,"3,5",Frequency,Plata,Buenos
448,2014-09-24,1568,3,10,5,"562,00",3,"3,5",Frequency,Plata,Buenos
449,2014-09-23,1569,3,8,5,"556,00",3,"3,5",Frequency,Plata,Buenos
450,2014-09-22,1570,3,8,5,"979,00",5,"4,5",Best,Oro,Buenos
451,2014-09-21,1571,3,2,2,"234,00",2,"2,25",Spenders,Plata,Malos
452,2014-09-20,1572,3,4,3,"857,00",5,4,Frequency,Oro,Buenos
453,2014-09-19,1573,3,6,4,"101,00",1,"2,25",Spenders,Bronce,Malos
454,2014-09-18,1574,3,9,5,"413,00",3,"3,5",Frequency,Plata,Buenos
455,2014-09-17,1575,3,2,2,"298,00",2,"2,25",Spenders,Plata,Malos
456,2014-09-16,1576,3,2,2,"622,00",4,"3,25",Spenders,Oro,Buenos
457,2014-09-15,1577,3,10,5,"892,00",5,"4,5",Best,Oro,Buenos
458,2014-09-14,1578,3,3,2,"71,00",1,"1,75",Spenders,Bronce,Malos
459,2014-09-13,1579,3,1,1,"302,00",2,2,Spenders,Plata,Malos
460,2014-09-12,1580,3,1,1,"949,00",5,"3,5",Frequency,Oro,Buenos
461,2014-09-11,1581,3,8,5,"911,00",5,"4,5",Best,Oro,Buenos
462,2014-09-10,1582,3,9,5,"999,00",5,"4,5",Best,Oro,Buenos
463,2014-09-09,1583,3,1,1,"781,00",4,3,Spenders,Oro,Buenos
464,2014-09-08,1584,3,4,3,"258,00",2,"2,5",Spenders,Plata,Malos
465,2014-09-07,1585,3,6,4,"633,00",4,"3,75",Frequency,Oro,Buenos
466,2014-09-06,1586,3,6,4,"969,00",5,"4,25",Best,Oro,Buenos
467,2014-09-05,1587,3,5,3,"769,00",4,"3,5",Frequency,Oro,Buenos
468,2014-09-04,1588,3,10,5,"558,00",3,"3,5",Frequency,Plata,Buenos
469,2014-09-03,1589,3,10,5,"997,00",5,"4,5",Best,Oro,Buenos
470,2014-09-02,1590,3,3,2,"613,00",4,"3,25",Spenders,Oro,Buenos
471,2014-09-01,1591,3,7,4,"437,00",3,"3,25",Spenders,Plata,Buenos
472,2014-08-31,1592,3,10,5,"621,00",4,4,Frequency,Oro,Buenos
473,2014-08-30,1593,3,6,4,"994,00",5,"4,25",Best,Oro,Buenos
474,2014-08-29,1594,3,4,3,"850,00",5,4,Frequency,Oro,Buenos
475,2014-08-28,1595,3,7,4,"435,00",3,"3,25",Spenders,Plata,Buenos
476,2014-08-27,1596,3,2,2,"790,00",4,"3,25",Spenders,Oro,Buenos
477,2014-08-26,1597,3,2,2,"200,00",2,"2,25",Spenders,Plata,Malos
478,2015-12-01,1135,4,10,5,"1.000,00",5,"4,75",Top,Oro,Buenos
479,2014-08-24,1599,3,5,3,"701,00",4,"3,5",Frequency,Oro,Buenos
480,2014-08-23,1600,3,5,3,"902,00",5,4,Frequency,Oro,Buenos
481,2014-08-22,1601,3,9,5,"177,00",1,"2,5",Spenders,Bronce,Malos
482,2014-08-21,1602,3,1,1,"695,00",4,3,Spenders,Oro,Buenos
483,2014-08-20,1603,3,8,5,"477,00",3,"3,5",Frequency,Plata,Buenos
484,2014-08-19,1604,3,9,5,"610,00",4,4,Frequency,Oro,Buenos
485,2014-08-18,1605,3,6,4,"505,00",3,"3,25",Spenders,Plata,Buenos
486,2014-08-17,1606,3,5,3,"910,00",5,4,Frequency,Oro,Buenos
487,2014-08-16,1607,3,1,1,"711,00",4,3,Spenders,Oro,Buenos
488,2014-08-15,1608,3,1,1,"136,00",1,"1,5",Spenders,Bronce,Malos
489,2014-08-14,1609,3,5,3,"297,00",2,"2,5",Spenders,Plata,Malos
490,2014-08-13,1610,3,10,5,"872,00",5,"4,5",Best,Oro,Buenos
491,2014-08-12,1611,3,4,3,"140,00",1,2,Spenders,Bronce,Malos
492,2014-08-11,1612,3,8,5,"32,00",1,"2,5",Spenders,Bronce,Malos
493,2014-08-10,1613,3,5,3,"614,00",4,"3,5",Frequency,Oro,Buenos
494,2014-08-09,1614,3,2,2,"50,00",1,"1,75",Spenders,Bronce,Malos
495,2014-08-08,1615,3,8,5,"694,00",4,4,Frequency,Oro,Buenos
496,2014-08-07,1616,3,7,4,"563,00",3,"3,25",Spenders,Plata,Buenos
497,2014-08-06,1617,3,3,2,"805,00",5,"3,75",Frequency,Oro,Buenos
498,2014-08-05,1618,3,4,3,"300,00",2,"2,5",Spenders,Plata,Malos
499,2014-08-04,1619,3,8,5,"510,00",3,"3,5",Frequency,Plata,Buenos
500,2014-08-03,1620,3,2,2,"458,00",3,"2,75",Spenders,Plata,Malos
501,2014-08-02,1621,3,8,5,"35,00",1,"2,5",Spenders,Bronce,Malos
502,2014-08-01,1622,3,1,1,"789,00",4,3,Spenders,Oro,Buenos
503,2014-07-31,1623,3,5,3,"935,00",5,4,Frequency,Oro,Buenos
504,2014-07-30,1624,3,10,5,"360,00",2,3,Spenders,Plata,Buenos
505,2014-07-29,1625,3,6,4,"709,00",4,"3,75",Frequency,Oro,Buenos
506,2014-07-28,1626,3,5,3,"6,00",1,2,Spenders,Bronce,Malos
507,2014-07-27,1627,3,8,5,"677,00",4,4,Frequency,Oro,Buenos
508,2014-07-26,1628,3,9,5,"814,00",5,"4,5",Best,Oro,Buenos
509,2014-07-25,1629,3,10,5,"133,00",1,"2,5",Spenders,Bronce,Malos
510,2014-07-24,1630,3,8,5,"119,00",1,"2,5",Spenders,Bronce,Malos
511,2014-07-23,1631,3,3,2,"574,00",3,"2,75",Spenders,Plata,Malos
512,2014-07-22,1632,3,9,5,"447,00",3,"3,5",Frequency,Plata,Buenos
513,2014-07-21,1633,3,3,2,"567,00",3,"2,75",Spenders,Plata,Malos
514,2014-07-20,1634,3,9,5,"128,00",1,"2,5",Spenders,Bronce,Malos
515,2014-07-19,1635,3,5,3,"753,00",4,"3,5",Frequency,Oro,Buenos
516,2014-07-18,1636,3,3,2,"451,00",3,"2,75",Spenders,Plata,Malos
517,2014-07-17,1637,3,7,4,"234,00",2,"2,75",Spenders,Plata,Malos
518,2014-07-16,1638,3,3,2,"977,00",5,"3,75",Frequency,Oro,Buenos
519,2014-07-15,1639,3,8,5,"799,00",4,4,Frequency,Oro,Buenos
520,2014-07-14,1640,3,1,1,"11,00",1,"1,5",Spenders,Bronce,Malos
521,2014-07-13,1641,3,7,4,"263,00",2,"2,75",Spenders,Plata,Malos
522,2014-07-12,1642,3,9,5,"78,00",1,"2,5",Spenders,Bronce,Malos
523,2014-07-11,1643,3,7,4,"546,00",3,"3,25",Spenders,Plata,Buenos
524,2014-07-10,1644,3,4,3,"573,00",3,3,Spenders,Plata,Buenos
525,2014-07-09,1645,3,1,1,"633,00",4,3,Spenders,Oro,Buenos
526,2014-07-08,1646,3,4,3,"277,00",2,"2,5",Spenders,Plata,Malos
527,2014-07-07,1647,3,7,4,"643,00",4,"3,75",Frequency,Oro,Buenos
528,2014-07-06,1648,3,8,5,"609,00",4,4,Frequency,Oro,Buenos
529,2014-07-05,1649,3,10,5,"966,00",5,"4,5",Best,Oro,Buenos
530,2014-07-04,1650,3,1,1,"398,00",2,2,Spenders,Plata,Malos
531,2014-07-03,1651,3,6,4,"737,00",4,"3,75",Frequency,Oro,Buenos
532,2014-07-02,1652,3,9,5,"794,00",4,4,Frequency,Oro,Buenos
533,2014-07-01,1653,3,2,2,"291,00",2,"2,25",Spenders,Plata,Malos
534,2014-06-30,1654,3,7,4,"298,00",2,"2,75",Spenders,Plata,Malos
535,2014-06-29,1655,3,9,5,"855,00",5,"4,5",Best,Oro,Buenos
536,2014-06-28,1656,3,7,4,"380,00",2,"2,75",Spenders,Plata,Malos
537,2014-06-27,1657,3,8,5,"237,00",2,3,Spenders,Plata,Buenos
538,2014-06-26,1658,3,2,2,"769,00",4,"3,25",Spenders,Oro,Buenos
539,2014-06-25,1659,3,10,5,"552,00",3,"3,5",Frequency,Plata,Buenos
540,2014-06-24,1660,3,2,2,"774,00",4,"3,25",Spenders,Oro,Buenos
541,2014-06-23,1661,3,1,1,"649,00",4,3,Spenders,Oro,Buenos
542,2014-06-22,1662,3,4,3,"8,00",1,2,Spenders,Bronce,Malos
543,2014-06-21,1663,3,2,2,"36,00",1,"1,75",Spenders,Bronce,Malos
544,2014-06-20,1664,3,2,2,"395,00",2,"2,25",Spenders,Plata,Malos
545,2014-06-19,1665,3,3,2,"262,00",2,"2,25",Spenders,Plata,Malos
546,2014-06-18,1666,3,2,2,"511,00",3,"2,75",Spenders,Plata,Malos
547,2014-06-17,1667,3,7,4,"583,00",3,"3,25",Spenders,Plata,Buenos
548,2014-06-16,1668,3,8,5,"689,00",4,4,Frequency,Oro,Buenos
549,2014-06-15,1669,3,5,3,"250,00",2,"2,5",Spenders,Plata,Malos
550,2014-06-14,1670,3,7,4,"516,00",3,"3,25",Spenders,Plata,Buenos
551,2014-06-13,1671,3,5,3,"937,00",5,4,Frequency,Oro,Buenos
552,2014-06-12,1672,3,2,2,"217,00",2,"2,25",Spenders,Plata,Malos
553,2014-06-11,1673,3,5,3,"72,00",1,2,Spenders,Bronce,Malos
554,2014-06-10,1674,3,1,1,"210,00",2,2,Spenders,Plata,Malos
555,2014-06-09,1675,3,9,5,"252,00",2,3,Spenders,Plata,Buenos
556,2014-06-08,1676,3,1,1,"378,00",2,2,Spenders,Plata,Malos
557,2014-06-07,1677,3,9,5,"95,00",1,"2,5",Spenders,Bronce,Malos
558,2014-06-06,1678,3,1,1,"220,00",2,2,Spenders,Plata,Malos
559,2014-06-05,1679,3,9,5,"698,00",4,4,Frequency,Oro,Buenos
560,2014-06-04,1680,3,7,4,"665,00",4,"3,75",Frequency,Oro,Buenos
561,2014-06-03,1681,3,5,3,"602,00",4,"3,5",Frequency,Oro,Buenos
562,2014-06-02,1682,3,3,2,"819,00",5,"3,75",Frequency,Oro,Buenos
563,2014-06-01,1683,3,9,5,"301,00",2,3,Spenders,Plata,Buenos
564,2014-05-31,1684,3,7,4,"919,00",5,"4,25",Best,Oro,Buenos
565,2014-05-30,1685,3,6,4,"18,00",1,"2,25",Spenders,Bronce,Malos
566,2014-05-29,1686,3,3,2,"483,00",3,"2,75",Spenders,Plata,Malos
567,2014-05-28,1687,3,10,5,"609,00",4,4,Frequency,Oro,Buenos
568,2014-05-27,1688,3,3,2,"841,00",5,"3,75",Frequency,Oro,Buenos
569,2014-05-26,1689,3,3,2,"580,00",3,"2,75",Spenders,Plata,Malos
570,2014-05-25,1690,3,10,5,"165,00",1,"2,5",Spenders,Bronce,Malos
571,2014-05-24,1691,3,8,5,"398,00",2,3,Spenders,Plata,Buenos
572,2014-05-23,1692,3,9,5,"253,00",2,3,Spenders,Plata,Buenos
573,2014-05-22,1693,3,10,5,"570,00",3,"3,5",Frequency,Plata,Buenos
574,2014-05-21,1694,3,4,3,"59,00",1,2,Spenders,Bronce,Malos
575,2014-05-20,1695,3,6,4,"206,00",2,"2,75",Spenders,Plata,Malos
576,2014-05-19,1696,3,2,2,"513,00",3,"2,75",Spenders,Plata,Malos
577,2014-05-18,1697,3,4,3,"264,00",2,"2,5",Spenders,Plata,Malos
578,2014-05-17,1698,3,7,4,"55,00",1,"2,25",Spenders,Bronce,Malos
579,2014-05-16,1699,3,7,4,"739,00",4,"3,75",Frequency,Oro,Buenos
580,2014-05-15,1700,3,10,5,"83,00",1,"2,5",Spenders,Bronce,Malos
581,2014-05-14,1701,3,8,5,"214,00",2,3,Spenders,Plata,Buenos
582,2014-05-13,1702,3,9,5,"138,00",1,"2,5",Spenders,Bronce,Malos
583,2014-05-12,1703,3,8,5,"621,00",4,4,Frequency,Oro,Buenos
584,2014-05-11,1704,3,6,4,"870,00",5,"4,25",Best,Oro,Buenos
585,2014-05-10,1705,3,9,5,"111,00",1,"2,5",Spenders,Bronce,Malos
586,2014-05-09,1706,3,2,2,"502,00",3,"2,75",Spenders,Plata,Malos
587,2014-05-08,1707,3,7,4,"989,00",5,"4,25",Best,Oro,Buenos
588,2014-05-07,1708,3,3,2,"706,00",4,"3,25",Spenders,Oro,Buenos
589,2014-05-06,1709,3,2,2,"25,00",1,"1,75",Spenders,Bronce,Malos
590,2014-05-05,1710,3,1,1,"797,00",4,3,Spenders,Oro,Buenos
591,2014-05-04,1711,3,5,3,"95,00",1,2,Spenders,Bronce,Malos
592,2014-05-03,1712,3,9,5,"501,00",3,"3,5",Frequency,Plata,Buenos
593,2014-05-02,1713,3,1,1,"382,00",2,2,Spenders,Plata,Malos
594,2014-05-01,1714,3,5,3,"555,00",3,3,Spenders,Plata,Buenos
595,2014-04-30,1715,3,8,5,"116,00",1,"2,5",Spenders,Bronce,Malos
596,2014-04-29,1716,3,8,5,"794,00",4,4,Frequency,Oro,Buenos
597,2014-04-28,1717,3,2,2,"72,00",1,"1,75",Spenders,Bronce,Malos
598,2014-04-27,1718,3,7,4,"662,00",4,"3,75",Frequency,Oro,Buenos
599,2014-04-26,1719,3,8,5,"749,00",4,4,Frequency,Oro,Buenos
600,2014-04-25,1720,3,8,5,"765,00",4,4,Frequency,Oro,Buenos
601,2014-04-24,1721,3,7,4,"315,00",2,"2,75",Spenders,Plata,Malos
602,2014-04-23,1722,3,1,1,"866,00",5,"3,5",Frequency,Oro,Buenos
603,2014-04-22,1723,3,1,1,"683,00",4,3,Spenders,Oro,Buenos
604,2014-04-21,1724,3,8,5,"834,00",5,"4,5",Best,Oro,Buenos
605,2014-04-20,1725,3,6,4,"198,00",1,"2,25",Spenders,Bronce,Malos
606,2014-04-19,1726,3,10,5,"634,00",4,4,Frequency,Oro,Buenos
607,2014-04-18,1727,3,1,1,"71,00",1,"1,5",Spenders,Bronce,Malos
608,2014-04-17,1728,3,4,3,"336,00",2,"2,5",Spenders,Plata,Malos
609,2014-04-16,1729,3,3,2,"412,00",3,"2,75",Spenders,Plata,Malos
610,2014-04-15,1730,3,2,2,"974,00",5,"3,75",Frequency,Oro,Buenos
611,2014-04-14,1731,3,6,4,"474,00",3,"3,25",Spenders,Plata,Buenos
612,2014-04-13,1732,3,9,5,"344,00",2,3,Spenders,Plata,Buenos
613,2014-04-12,1733,3,4,3,"921,00",5,4,Frequency,Oro,Buenos
614,2014-04-11,1734,3,6,4,"759,00",4,"3,75",Frequency,Oro,Buenos
615,2014-04-10,1735,3,8,5,"713,00",4,4,Frequency,Oro,Buenos
616,2014-04-09,1736,3,9,5,"771,00",4,4,Frequency,Oro,Buenos
617,2014-04-08,1737,3,6,4,"614,00",4,"3,75",Frequency,Oro,Buenos
618,2014-04-07,1738,3,8,5,"243,00",2,3,Spenders,Plata,Buenos
619,2014-04-06,1739,3,7,4,"12,00",1,"2,25",Spenders,Bronce,Malos
620,2014-04-05,1740,3,1,1,"486,00",3,"2,5",Spenders,Plata,Malos
621,2014-04-04,1741,3,10,5,"318,00",2,3,Spenders,Plata,Buenos
622,2014-04-03,1742,3,2,2,"539,00",3,"2,75",Spenders,Plata,Malos
623,2014-04-02,1743,3,9,5,"141,00",1,"2,5",Spenders,Bronce,Malos
624,2014-04-01,1744,3,4,3,"103,00",1,2,Spenders,Bronce,Malos
625,2014-03-31,1745,3,7,4,"4,00",1,"2,25",Spenders,Bronce,Malos
626,2014-03-30,1746,3,1,1,"614,00",4,3,Spenders,Oro,Buenos
627,2014-03-29,1747,3,8,5,"618,00",4,4,Frequency,Oro,Buenos
628,2014-03-28,1748,3,2,2,"82,00",1,"1,75",Spenders,Bronce,Malos
629,2014-03-27,1749,3,4,3,"445,00",3,3,Spenders,Plata,Buenos
630,2014-03-26,1750,3,6,4,"757,00",4,"3,75",Frequency,Oro,Buenos
631,2014-03-25,1751,3,3,2,"151,00",1,"1,75",Spenders,Bronce,Malos
632,2014-03-24,1752,3,8,5,"822,00",5,"4,5",Best,Oro,Buenos
633,2014-03-23,1753,3,7,4,"321,00",2,"2,75",Spenders,Plata,Malos
634,2014-03-22,1754,3,6,4,"20,00",1,"2,25",Spenders,Bronce,Malos
635,2014-03-21,1755,3,6,4,"886,00",5,"4,25",Best,Oro,Buenos
636,2014-03-20,1756,3,8,5,"518,00",3,"3,5",Frequency,Plata,Buenos
637,2014-03-19,1757,3,6,4,"11,00",1,"2,25",Spenders,Bronce,Malos
638,2014-03-18,1758,3,9,5,"700,00",4,4,Frequency,Oro,Buenos
639,2014-03-17,1759,3,6,4,"40,00",1,"2,25",Spenders,Bronce,Malos
640,2014-03-16,1760,3,9,5,"645,00",4,4,Frequency,Oro,Buenos
641,2014-03-15,1761,3,9,5,"507,00",3,"3,5",Frequency,Plata,Buenos
642,2014-03-14,1762,3,9,5,"735,00",4,4,Frequency,Oro,Buenos
643,2014-03-13,1763,3,4,3,"32,00",1,2,Spenders,Bronce,Malos
644,2014-03-12,1764,3,3,2,"574,00",3,"2,75",Spenders,Plata,Malos
645,2014-03-11,1765,3,2,2,"114,00",1,"1,75",Spenders,Bronce,Malos
646,2014-03-10,1766,3,2,2,"790,00",4,"3,25",Spenders,Oro,Buenos
647,2014-03-09,1767,3,2,2,"22,00",1,"1,75",Spenders,Bronce,Malos
648,2014-03-08,1768,3,2,2,"230,00",2,"2,25",Spenders,Plata,Malos
649,2014-03-07,1769,3,1,1,"284,00",2,2,Spenders,Plata,Malos
650,2014-03-06,1770,3,5,3,"799,00",4,"3,5",Frequency,Oro,Buenos
651,2014-03-05,1771,3,7,4,"851,00",5,"4,25",Best,Oro,Buenos
652,2014-03-04,1772,3,7,4,"35,00",1,"2,25",Spenders,Bronce,Malos
653,2014-03-03,1773,3,10,5,"796,00",4,4,Frequency,Oro,Buenos
654,2014-03-02,1774,3,6,4,"681,00",4,"3,75",Frequency,Oro,Buenos
655,2014-03-01,1775,3,5,3,"496,00",3,3,Spenders,Plata,Buenos
656,2014-02-28,1776,3,10,5,"923,00",5,"4,5",Best,Oro,Buenos
657,2014-02-27,1777,3,7,4,"377,00",2,"2,75",Spenders,Plata,Malos
658,2014-02-26,1778,3,6,4,"583,00",3,"3,25",Spenders,Plata,Buenos
659,2014-02-25,1779,3,4,3,"922,00",5,4,Frequency,Oro,Buenos
660,2014-02-24,1780,3,6,4,"444,00",3,"3,25",Spenders,Plata,Buenos
661,2014-02-23,1781,3,5,3,"787,00",4,"3,5",Frequency,Oro,Buenos
662,2014-02-22,1782,3,5,3,"554,00",3,3,Spenders,Plata,Buenos
663,2014-02-21,1783,3,6,4,"987,00",5,"4,25",Best,Oro,Buenos
664,2014-02-20,1784,3,10,5,"156,00",1,"2,5",Spenders,Bronce,Malos
665,2014-02-19,1785,3,1,1,"164,00",1,"1,5",Spenders,Bronce,Malos
666,2014-02-18,1786,3,10,5,"643,00",4,4,Frequency,Oro,Buenos
667,2014-02-17,1787,3,2,2,"638,00",4,"3,25",Spenders,Oro,Buenos
668,2014-02-16,1788,3,8,5,"614,00",4,4,Frequency,Oro,Buenos
669,2014-02-15,1789,3,9,5,"505,00",3,"3,5",Frequency,Plata,Buenos
670,2014-02-14,1790,3,7,4,"608,00",4,"3,75",Frequency,Oro,Buenos
671,2014-02-13,1791,3,1,1,"809,00",5,"3,5",Frequency,Oro,Buenos
672,2014-02-12,1792,3,10,5,"91,00",1,"2,5",Spenders,Bronce,Malos
673,2014-02-11,1793,3,5,3,"981,00",5,4,Frequency,Oro,Buenos
674,2014-02-10,1794,3,3,2,"347,00",2,"2,25",Spenders,Plata,Malos
675,2014-02-09,1795,3,9,5,"842,00",5,"4,5",Best,Oro,Buenos
676,2014-02-08,1796,3,7,4,"5,00",1,"2,25",Spenders,Bronce,Malos
677,2014-02-07,1797,3,10,5,"753,00",4,4,Frequency,Oro,Buenos
678,2014-02-06,1798,3,1,1,"756,00",4,3,Spenders,Oro,Buenos
679,2014-02-05,1799,3,8,5,"449,00",3,"3,5",Frequency,Plata,Buenos
680,2014-02-04,1800,3,2,2,"396,00",2,"2,25",Spenders,Plata,Malos
681,2014-02-03,1801,3,9,5,"705,00",4,4,Frequency,Oro,Buenos
682,2014-02-02,1802,3,9,5,"418,00",3,"3,5",Frequency,Plata,Buenos
683,2014-02-01,1803,3,7,4,"769,00",4,"3,75",Frequency,Oro,Buenos
684,2014-01-31,1804,3,10,5,"160,00",1,"2,5",Spenders,Bronce,Malos
685,2014-01-30,1805,3,1,1,"833,00",5,"3,5",Frequency,Oro,Buenos
686,2014-01-29,1806,3,4,3,"755,00",4,"3,5",Frequency,Oro,Buenos
687,2014-01-28,1807,3,9,5,"503,00",3,"3,5",Frequency,Plata,Buenos
688,2014-01-27,1808,3,5,3,"489,00",3,3,Spenders,Plata,Buenos
689,2014-01-26,1809,3,7,4,"334,00",2,"2,75",Spenders,Plata,Malos
690,2014-01-25,1810,3,10,5,"192,00",1,"2,5",Spenders,Bronce,Malos
691,2014-01-24,1811,3,3,2,"194,00",1,"1,75",Spenders,Bronce,Malos
692,2014-01-23,1812,3,9,5,"786,00",4,4,Frequency,Oro,Buenos
693,2014-01-22,1813,3,7,4,"170,00",1,"2,25",Spenders,Bronce,Malos
694,2014-01-21,1814,3,2,2,"720,00",4,"3,25",Spenders,Oro,Buenos
695,2014-01-20,1815,3,10,5,"688,00",4,4,Frequency,Oro,Buenos
696,2014-01-19,1816,3,10,5,"147,00",1,"2,5",Spenders,Bronce,Malos
697,2014-01-18,1817,3,2,2,"839,00",5,"3,75",Frequency,Oro,Buenos
698,2014-01-17,1818,3,8,5,"456,00",3,"3,5",Frequency,Plata,Buenos
699,2014-01-16,1819,3,1,1,"573,00",3,"2,5",Spenders,Plata,Malos
700,2014-01-15,1820,3,2,2,"830,00",5,"3,75",Frequency,Oro,Buenos
701,2014-01-14,1821,3,7,4,"581,00",3,"3,25",Spenders,Plata,Buenos
702,2014-01-13,1822,3,1,1,"403,00",3,"2,5",Spenders,Plata,Malos
703,2014-01-12,1823,3,9,5,"299,00",2,3,Spenders,Plata,Buenos
704,2014-01-11,1824,3,7,4,"168,00",1,"2,25",Spenders,Bronce,Malos
705,2014-01-10,1825,3,9,5,"276,00",2,3,Spenders,Plata,Buenos
706,2014-01-09,1826,3,3,2,"187,00",1,"1,75",Spenders,Bronce,Malos
707,2014-01-08,1827,3,1,1,"933,00",5,"3,5",Frequency,Oro,Buenos
708,2014-01-07,1828,3,5,3,"623,00",4,"3,5",Frequency,Oro,Buenos
709,2014-01-06,1829,3,1,1,"91,00",1,"1,5",Spenders,Bronce,Malos
710,2014-01-05,1830,3,9,5,"415,00",3,"3,5",Frequency,Plata,Buenos
711,2014-01-04,1831,3,8,5,"825,00",5,"4,5",Best,Oro,Buenos
712,2014-01-03,1832,3,10,5,"281,00",2,3,Spenders,Plata,Buenos
713,2014-01-02,1833,3,5,3,"158,00",1,2,Spenders,Bronce,Malos
714,2014-01-01,1834,3,7,4,"846,00",5,"4,25",Best,Oro,Buenos
715,2013-12-31,1835,3,8,5,"925,00",5,"4,5",Best,Oro,Buenos
716,2013-12-30,1836,3,4,3,"987,00",5,4,Frequency,Oro,Buenos
717,2013-12-29,1837,3,7,4,"757,00",4,"3,75",Frequency,Oro,Buenos
718,2013-12-28,1838,3,3,2,"155,00",1,"1,75",Spenders,Bronce,Malos
719,2013-12-27,1839,3,1,1,"279,00",2,2,Spenders,Plata,Malos
720,2013-12-26,1840,3,8,5,"705,00",4,4,Frequency,Oro,Buenos
721,2013-12-25,1841,3,8,5,"469,00",3,"3,5",Frequency,Plata,Buenos
722,2013-12-24,1842,3,1,1,"559,00",3,"2,5",Spenders,Plata,Malos
723,2013-12-23,1843,3,8,5,"819,00",5,"4,5",Best,Oro,Buenos
724,2013-12-22,1844,3,3,2,"919,00",5,"3,75",Frequency,Oro,Buenos
725,2013-12-21,1845,3,1,1,"129,00",1,"1,5",Spenders,Bronce,Malos
726,2013-12-20,1846,3,4,3,"318,00",2,"2,5",Spenders,Plata,Malos
727,2013-12-19,1847,3,9,5,"638,00",4,4,Frequency,Oro,Buenos
728,2013-12-18,1848,3,3,2,"344,00",2,"2,25",Spenders,Plata,Malos
729,2013-12-17,1849,3,3,2,"697,00",4,"3,25",Spenders,Oro,Buenos
730,2013-12-16,1850,3,1,1,"7,00",1,"1,5",Spenders,Bronce,Malos
731,2013-12-15,1851,3,9,5,"427,00",3,"3,5",Frequency,Plata,Buenos
732,2013-12-14,1852,3,4,3,"105,00",1,2,Spenders,Bronce,Malos
733,2013-12-13,1853,3,5,3,"884,00",5,4,Frequency,Oro,Buenos
734,2013-12-12,1854,3,7,4,"772,00",4,"3,75",Frequency,Oro,Buenos
735,2013-12-11,1855,3,1,1,"411,00",3,"2,5",Spenders,Plata,Malos
736,2013-12-10,1856,3,5,3,"563,00",3,3,Spenders,Plata,Buenos
737,2013-12-09,1857,3,4,3,"737,00",4,"3,5",Frequency,Oro,Buenos
738,2013-12-08,1858,3,9,5,"26,00",1,"2,5",Spenders,Bronce,Malos
739,2013-12-07,1859,3,9,5,"559,00",3,"3,5",Frequency,Plata,Buenos
740,2013-12-06,1860,3,10,5,"775,00",4,4,Frequency,Oro,Buenos
741,2013-12-05,1861,3,9,5,"585,00",3,"3,5",Frequency,Plata,Buenos
742,2013-12-04,1862,3,6,4,"615,00",4,"3,75",Frequency,Oro,Buenos
743,2013-12-03,1863,3,7,4,"848,00",5,"4,25",Best,Oro,Buenos
744,2013-12-02,1864,3,3,2,"369,00",2,"2,25",Spenders,Plata,Malos
745,2013-12-01,1865,3,2,2,"202,00",2,"2,25",Spenders,Plata,Malos
746,2013-11-30,1866,3,4,3,"708,00",4,"3,5",Frequency,Oro,Buenos
747,2013-11-29,1867,3,6,4,"380,00",2,"2,75",Spenders,Plata,Malos
748,2013-11-28,1868,3,9,5,"146,00",1,"2,5",Spenders,Bronce,Malos
749,2013-11-27,1869,3,10,5,"360,00",2,3,Spenders,Plata,Buenos
750,2013-11-26,1870,3,2,2,"882,00",5,"3,75",Frequency,Oro,Buenos
751,2013-11-25,1871,3,2,2,"629,00",4,"3,25",Spenders,Oro,Buenos
752,2013-11-24,1872,3,8,5,"556,00",3,"3,5",Frequency,Plata,Buenos
753,2013-11-23,1873,3,8,5,"449,00",3,"3,5",Frequency,Plata,Buenos
754,2013-11-22,1874,3,8,5,"378,00",2,3,Spenders,Plata,Buenos
755,2013-11-21,1875,3,7,4,"119,00",1,"2,25",Spenders,Bronce,Malos
756,2013-11-20,1876,3,2,2,"768,00",4,"3,25",Spenders,Oro,Buenos
757,2013-11-19,1877,3,7,4,"544,00",3,"3,25",Spenders,Plata,Buenos
758,2013-11-18,1878,3,8,5,"574,00",3,"3,5",Frequency,Plata,Buenos
759,2013-11-17,1879,3,2,2,"844,00",5,"3,75",Frequency,Oro,Buenos
760,2013-11-16,1880,3,3,2,"347,00",2,"2,25",Spenders,Plata,Malos
761,2013-11-15,1881,3,5,3,"217,00",2,"2,5",Spenders,Plata,Malos
762,2013-11-14,1882,3,9,5,"696,00",4,4,Frequency,Oro,Buenos
763,2013-11-13,1883,3,8,5,"29,00",1,"2,5",Spenders,Bronce,Malos
764,2013-11-12,1884,3,1,1,"336,00",2,2,Spenders,Plata,Malos
765,2013-11-11,1885,3,10,5,"154,00",1,"2,5",Spenders,Bronce,Malos
766,2013-11-10,1886,3,8,5,"621,00",4,4,Frequency,Oro,Buenos
767,2013-11-09,1887,3,7,4,"374,00",2,"2,75",Spenders,Plata,Malos
768,2013-11-08,1888,3,2,2,"887,00",5,"3,75",Frequency,Oro,Buenos
769,2013-11-07,1889,3,2,2,"837,00",5,"3,75",Frequency,Oro,Buenos
770,2013-11-06,1890,3,2,2,"287,00",2,"2,25",Spenders,Plata,Malos
771,2013-11-05,1891,3,3,2,"672,00",4,"3,25",Spenders,Oro,Buenos
772,2013-11-04,1892,3,3,2,"246,00",2,"2,25",Spenders,Plata,Malos
773,2013-11-03,1893,3,8,5,"756,00",4,4,Frequency,Oro,Buenos
774,2013-11-02,1894,3,4,3,"805,00",5,4,Frequency,Oro,Buenos
775,2013-11-01,1895,3,3,2,"202,00",2,"2,25",Spenders,Plata,Malos
776,2013-10-31,1896,3,7,4,"622,00",4,"3,75",Frequency,Oro,Buenos
777,2013-10-30,1897,3,4,3,"36,00",1,2,Spenders,Bronce,Malos
778,2013-10-29,1898,3,10,5,"49,00",1,"2,5",Spenders,Bronce,Malos
779,2013-10-28,1899,3,9,5,"695,00",4,4,Frequency,Oro,Buenos
780,2013-10-27,1900,3,7,4,"764,00",4,"3,75",Frequency,Oro,Buenos
781,2013-10-26,1901,3,1,1,"357,00",2,2,Spenders,Plata,Malos
782,2013-10-25,1902,3,1,1,"177,00",1,"1,5",Spenders,Bronce,Malos
783,2013-10-24,1903,3,5,3,"230,00",2,"2,5",Spenders,Plata,Malos
784,2013-10-23,1904,3,1,1,"460,00",3,"2,5",Spenders,Plata,Malos
785,2013-10-22,1905,3,10,5,"1,00",1,"2,5",Spenders,Bronce,Malos
786,2013-10-21,1906,3,10,5,"432,00",3,"3,5",Frequency,Plata,Buenos
787,2013-10-20,1907,3,1,1,"82,00",1,"1,5",Spenders,Bronce,Malos
788,2013-10-19,1908,3,9,5,"230,00",2,3,Spenders,Plata,Buenos
789,2013-10-18,1909,3,8,5,"54,00",1,"2,5",Spenders,Bronce,Malos
790,2013-10-17,1910,3,7,4,"201,00",2,"2,75",Spenders,Plata,Malos
791,2013-10-16,1911,3,10,5,"760,00",4,4,Frequency,Oro,Buenos
792,2013-10-15,1912,3,6,4,"261,00",2,"2,75",Spenders,Plata,Malos
793,2013-10-14,1913,3,4,3,"749,00",4,"3,5",Frequency,Oro,Buenos
794,2013-10-13,1914,3,8,5,"121,00",1,"2,5",Spenders,Bronce,Malos
795,2013-10-12,1915,3,1,1,"119,00",1,"1,5",Spenders,Bronce,Malos
796,2013-10-11,1916,3,5,3,"920,00",5,4,Frequency,Oro,Buenos
797,2013-10-10,1917,3,1,1,"802,00",5,"3,5",Frequency,Oro,Buenos
798,2013-10-09,1918,3,4,3,"351,00",2,"2,5",Spenders,Plata,Malos
799,2013-10-08,1919,3,1,1,"420,00",3,"2,5",Spenders,Plata,Malos
800,2013-10-07,1920,3,9,5,"264,00",2,3,Spenders,Plata,Buenos
801,2013-10-06,1921,3,4,3,"456,00",3,3,Spenders,Plata,Buenos
802,2013-10-05,1922,3,1,1,"185,00",1,"1,5",Spenders,Bronce,Malos
803,2013-10-04,1923,3,7,4,"238,00",2,"2,75",Spenders,Plata,Malos
804,2013-10-03,1924,3,10,5,"796,00",4,4,Frequency,Oro,Buenos
805,2013-10-02,1925,3,2,2,"109,00",1,"1,75",Spenders,Bronce,Malos
806,2013-10-01,1926,3,2,2,"949,00",5,"3,75",Frequency,Oro,Buenos
807,2013-09-30,1927,3,8,5,"183,00",1,"2,5",Spenders,Bronce,Malos
808,2013-09-29,1928,3,3,2,"364,00",2,"2,25",Spenders,Plata,Malos
809,2013-09-28,1929,3,3,2,"76,00",1,"1,75",Spenders,Bronce,Malos
810,2013-09-27,1930,3,3,2,"673,00",4,"3,25",Spenders,Oro,Buenos
811,2013-09-26,1931,3,10,5,"663,00",4,4,Frequency,Oro,Buenos
812,2013-09-25,1932,3,3,2,"481,00",3,"2,75",Spenders,Plata,Malos
813,2013-09-24,1933,3,8,5,"833,00",5,"4,5",Best,Oro,Buenos
814,2013-09-23,1934,3,7,4,"283,00",2,"2,75",Spenders,Plata,Malos
815,2013-09-22,1935,3,9,5,"654,00",4,4,Frequency,Oro,Buenos
816,2013-09-21,1936,3,8,5,"370,00",2,3,Spenders,Plata,Buenos
817,2013-09-20,1937,3,2,2,"843,00",5,"3,75",Frequency,Oro,Buenos
818,2013-09-19,1938,3,2,2,"361,00",2,"2,25",Spenders,Plata,Malos
819,2013-09-18,1939,3,3,2,"503,00",3,"2,75",Spenders,Plata,Malos
820,2013-09-17,1940,3,1,1,"411,00",3,"2,5",Spenders,Plata,Malos
821,2013-09-16,1941,3,10,5,"858,00",5,"4,5",Best,Oro,Buenos
822,2013-09-15,1942,3,2,2,"978,00",5,"3,75",Frequency,Oro,Buenos
823,2013-09-14,1943,3,6,4,"909,00",5,"4,25",Best,Oro,Buenos
824,2013-09-13,1944,2,10,5,"188,00",1,"2,25",Spenders,Bronce,Malos
825,2013-09-12,1945,2,5,3,"271,00",2,"2,25",Spenders,Plata,Malos
826,2013-09-11,1946,2,7,4,"763,00",4,"3,5",Frequency,Oro,Buenos
827,2013-09-10,1947,2,5,3,"674,00",4,"3,25",Spenders,Oro,Buenos
828,2013-09-09,1948,2,9,5,"995,00",5,"4,25",Best,Oro,Buenos
829,2013-09-08,1949,2,5,3,"964,00",5,"3,75",Frequency,Oro,Buenos
830,2013-09-07,1950,2,1,1,"411,00",3,"2,25",Spenders,Plata,Malos
831,2013-09-06,1951,2,7,4,"273,00",2,"2,5",Spenders,Plata,Malos
832,2013-09-05,1952,2,2,2,"221,00",2,2,Spenders,Plata,Malos
833,2013-09-04,1953,2,6,4,"675,00",4,"3,5",Frequency,Oro,Buenos
834,2013-09-03,1954,2,4,3,"808,00",5,"3,75",Frequency,Oro,Buenos
835,2013-09-02,1955,2,9,5,"864,00",5,"4,25",Best,Oro,Buenos
836,2013-09-01,1956,2,9,5,"963,00",5,"4,25",Best,Oro,Buenos
837,2013-08-31,1957,2,9,5,"562,00",3,"3,25",Spenders,Plata,Buenos
838,2013-08-30,1958,2,5,3,"445,00",3,"2,75",Spenders,Plata,Malos
839,2013-08-29,1959,2,6,4,"65,00",1,2,Spenders,Bronce,Malos
840,2013-08-28,1960,2,1,1,"280,00",2,"1,75",Spenders,Plata,Malos
841,2013-08-27,1961,2,3,2,"990,00",5,"3,5",Frequency,Oro,Buenos
842,2013-08-26,1962,2,6,4,"129,00",1,2,Spenders,Bronce,Malos
843,2013-08-25,1963,2,3,2,"885,00",5,"3,5",Frequency,Oro,Buenos
844,2013-08-24,1964,2,5,3,"405,00",3,"2,75",Spenders,Plata,Malos
845,2013-08-23,1965,2,1,1,"239,00",2,"1,75",Spenders,Plata,Malos
846,2013-08-22,1966,2,10,5,"956,00",5,"4,25",Best,Oro,Buenos
847,2013-08-21,1967,2,10,5,"605,00",4,"3,75",Frequency,Oro,Buenos
848,2013-08-20,1968,2,5,3,"242,00",2,"2,25",Spenders,Plata,Malos
849,2013-08-19,1969,2,7,4,"25,00",1,2,Spenders,Bronce,Malos
850,2013-08-18,1970,2,3,2,"452,00",3,"2,5",Spenders,Plata,Malos
851,2013-08-17,1971,2,6,4,"25,00",1,2,Spenders,Bronce,Malos
852,2013-08-16,1972,2,1,1,"280,00",2,"1,75",Spenders,Plata,Malos
853,2013-08-15,1973,2,8,5,"408,00",3,"3,25",Spenders,Plata,Buenos
854,2013-08-14,1974,2,3,2,"109,00",1,"1,5",Spenders,Bronce,Malos
855,2013-08-13,1975,2,1,1,"722,00",4,"2,75",Spenders,Oro,Malos
856,2013-08-12,1976,2,8,5,"905,00",5,"4,25",Best,Oro,Buenos
857,2013-08-11,1977,2,6,4,"124,00",1,2,Spenders,Bronce,Malos
858,2013-08-10,1978,2,8,5,"532,00",3,"3,25",Spenders,Plata,Buenos
859,2013-08-09,1979,2,5,3,"904,00",5,"3,75",Frequency,Oro,Buenos
860,2013-08-08,1980,2,5,3,"685,00",4,"3,25",Spenders,Oro,Buenos
861,2013-08-07,1981,2,7,4,"341,00",2,"2,5",Spenders,Plata,Malos
862,2013-08-06,1982,2,3,2,"669,00",4,3,Spenders,Oro,Buenos
863,2013-08-05,1983,2,5,3,"691,00",4,"3,25",Spenders,Oro,Buenos
864,2013-08-04,1984,2,2,2,"90,00",1,"1,5",Spenders,Bronce,Malos
865,2013-08-03,1985,2,4,3,"622,00",4,"3,25",Spenders,Oro,Buenos
866,2013-08-02,1986,2,5,3,"121,00",1,"1,75",Spenders,Bronce,Malos
867,2013-08-01,1987,2,6,4,"686,00",4,"3,5",Frequency,Oro,Buenos
868,2013-07-31,1988,2,5,3,"495,00",3,"2,75",Spenders,Plata,Malos
869,2013-07-30,1989,2,4,3,"673,00",4,"3,25",Spenders,Oro,Buenos
870,2013-07-29,1990,2,2,2,"839,00",5,"3,5",Frequency,Oro,Buenos
871,2013-07-28,1991,2,4,3,"303,00",2,"2,25",Spenders,Plata,Malos
872,2013-07-27,1992,2,8,5,"352,00",2,"2,75",Spenders,Plata,Malos
873,2013-07-26,1993,2,4,3,"920,00",5,"3,75",Frequency,Oro,Buenos
874,2013-07-25,1994,2,9,5,"163,00",1,"2,25",Spenders,Bronce,Malos
875,2013-07-24,1995,2,8,5,"987,00",5,"4,25",Best,Oro,Buenos
876,2013-07-23,1996,2,1,1,"935,00",5,"3,25",Spenders,Oro,Buenos
877,2013-07-22,1997,2,6,4,"995,00",5,4,Frequency,Oro,Buenos
878,2013-07-21,1998,2,7,4,"234,00",2,"2,5",Spenders,Plata,Malos
879,2013-07-20,1999,2,5,3,"29,00",1,"1,75",Spenders,Bronce,Malos
880,2013-07-19,2000,2,6,4,"441,00",3,3,Spenders,Plata,Buenos
881,2013-07-18,2001,2,1,1,"392,00",2,"1,75",Spenders,Plata,Malos
882,2013-07-17,2002,2,2,2,"137,00",1,"1,5",Spenders,Bronce,Malos
883,2013-07-16,2003,2,9,5,"586,00",3,"3,25",Spenders,Plata,Buenos
884,2013-07-15,2004,2,3,2,"11,00",1,"1,5",Spenders,Bronce,Malos
885,2013-07-14,2005,2,7,4,"238,00",2,"2,5",Spenders,Plata,Malos
886,2013-07-13,2006,2,5,3,"369,00",2,"2,25",Spenders,Plata,Malos
887,2013-07-12,2007,2,9,5,"156,00",1,"2,25",Spenders,Bronce,Malos
888,2013-07-11,2008,2,4,3,"583,00",3,"2,75",Spenders,Plata,Malos
889,2013-07-10,2009,2,4,3,"922,00",5,"3,75",Frequency,Oro,Buenos
890,2013-07-09,2010,2,10,5,"305,00",2,"2,75",Spenders,Plata,Malos
891,2013-07-08,2011,2,10,5,"939,00",5,"4,25",Best,Oro,Buenos
892,2013-07-07,2012,2,6,4,"500,00",3,3,Spenders,Plata,Buenos
893,2013-07-06,2013,2,2,2,"222,00",2,2,Spenders,Plata,Malos
894,2013-07-05,2014,2,6,4,"173,00",1,2,Spenders,Bronce,Malos
895,2013-07-04,2015,2,8,5,"47,00",1,"2,25",Spenders,Bronce,Malos
896,2013-07-03,2016,2,9,5,"992,00",5,"4,25",Best,Oro,Buenos
897,2013-07-02,2017,2,3,2,"458,00",3,"2,5",Spenders,Plata,Malos
898,2013-07-01,2018,2,9,5,"41,00",1,"2,25",Spenders,Bronce,Malos
899,2013-06-30,2019,2,8,5,"243,00",2,"2,75",Spenders,Plata,Malos
900,2013-06-29,2020,2,4,3,"354,00",2,"2,25",Spenders,Plata,Malos
901,2013-06-28,2021,2,1,1,"288,00",2,"1,75",Spenders,Plata,Malos
902,2013-06-27,2022,2,7,4,"411,00",3,3,Spenders,Plata,Buenos
903,2013-06-26,2023,2,6,4,"291,00",2,"2,5",Spenders,Plata,Malos
904,2013-06-25,2024,2,1,1,"160,00",1,"1,25",Spenders,Bronce,Malos
905,2013-06-24,2025,2,5,3,"527,00",3,"2,75",Spenders,Plata,Malos
906,2013-06-23,2026,2,2,2,"705,00",4,3,Spenders,Oro,Buenos
907,2013-06-22,2027,2,4,3,"497,00",3,"2,75",Spenders,Plata,Malos
908,2013-06-21,2028,2,10,5,"57,00",1,"2,25",Spenders,Bronce,Malos
909,2013-06-20,2029,2,9,5,"320,00",2,"2,75",Spenders,Plata,Malos
910,2013-06-19,2030,2,8,5,"561,00",3,"3,25",Spenders,Plata,Buenos
911,2013-06-18,2031,2,6,4,"756,00",4,"3,5",Frequency,Oro,Buenos
912,2013-06-17,2032,2,6,4,"413,00",3,3,Spenders,Plata,Buenos
913,2013-06-16,2033,2,9,5,"66,00",1,"2,25",Spenders,Bronce,Malos
914,2013-06-15,2034,2,10,5,"498,00",3,"3,25",Spenders,Plata,Buenos
915,2013-06-14,2035,2,8,5,"748,00",4,"3,75",Frequency,Oro,Buenos
916,2013-06-13,2036,2,10,5,"684,00",4,"3,75",Frequency,Oro,Buenos
917,2013-06-12,2037,2,9,5,"340,00",2,"2,75",Spenders,Plata,Malos
918,2013-06-11,2038,2,6,4,"51,00",1,2,Spenders,Bronce,Malos
919,2013-06-10,2039,2,10,5,"487,00",3,"3,25",Spenders,Plata,Buenos
920,2013-06-09,2040,2,8,5,"37,00",1,"2,25",Spenders,Bronce,Malos
921,2013-06-08,2041,2,6,4,"896,00",5,4,Frequency,Oro,Buenos
922,2013-06-07,2042,2,8,5,"700,00",4,"3,75",Frequency,Oro,Buenos
923,2013-06-06,2043,2,5,3,"52,00",1,"1,75",Spenders,Bronce,Malos
924,2013-06-05,2044,2,2,2,"240,00",2,2,Spenders,Plata,Malos
925,2013-06-04,2045,2,10,5,"741,00",4,"3,75",Frequency,Oro,Buenos
926,2013-06-03,2046,2,10,5,"790,00",4,"3,75",Frequency,Oro,Buenos
927,2013-06-02,2047,2,3,2,"287,00",2,2,Spenders,Plata,Malos
928,2013-06-01,2048,2,4,3,"663,00",4,"3,25",Spenders,Oro,Buenos
929,2013-05-31,2049,2,9,5,"819,00",5,"4,25",Best,Oro,Buenos
930,2013-05-30,2050,2,5,3,"618,00",4,"3,25",Spenders,Oro,Buenos
931,2013-05-29,2051,2,6,4,"380,00",2,"2,5",Spenders,Plata,Malos
932,2013-05-28,2052,2,2,2,"792,00",4,3,Spenders,Oro,Buenos
933,2013-05-27,2053,2,2,2,"771,00",4,3,Spenders,Oro,Buenos
934,2013-05-26,2054,2,5,3,"199,00",1,"1,75",Spenders,Bronce,Malos
935,2013-05-25,2055,2,1,1,"641,00",4,"2,75",Spenders,Oro,Malos
936,2013-05-24,2056,2,7,4,"637,00",4,"3,5",Frequency,Oro,Buenos
937,2013-05-23,2057,2,1,1,"907,00",5,"3,25",Spenders,Oro,Buenos
938,2013-05-22,2058,2,9,5,"16,00",1,"2,25",Spenders,Bronce,Malos
939,2013-05-21,2059,2,7,4,"94,00",1,2,Spenders,Bronce,Malos
940,2013-05-20,2060,2,1,1,"230,00",2,"1,75",Spenders,Plata,Malos
941,2013-05-19,2061,2,3,2,"461,00",3,"2,5",Spenders,Plata,Malos
942,2013-05-18,2062,2,8,5,"714,00",4,"3,75",Frequency,Oro,Buenos
943,2013-05-17,2063,2,5,3,"851,00",5,"3,75",Frequency,Oro,Buenos
944,2013-05-16,2064,2,1,1,"510,00",3,"2,25",Spenders,Plata,Malos
945,2013-05-15,2065,2,9,5,"262,00",2,"2,75",Spenders,Plata,Malos
946,2013-05-14,2066,2,6,4,"610,00",4,"3,5",Frequency,Oro,Buenos
947,2013-05-13,2067,2,7,4,"52,00",1,2,Spenders,Bronce,Malos
948,2013-05-12,2068,2,10,5,"832,00",5,"4,25",Best,Oro,Buenos
949,2013-05-11,2069,2,3,2,"307,00",2,2,Spenders,Plata,Malos
950,2013-05-10,2070,2,6,4,"917,00",5,4,Frequency,Oro,Buenos
951,2013-05-09,2071,2,6,4,"5,00",1,2,Spenders,Bronce,Malos
952,2013-05-08,2072,2,4,3,"989,00",5,"3,75",Frequency,Oro,Buenos
953,2013-05-07,2073,2,6,4,"802,00",5,4,Frequency,Oro,Buenos
954,2013-05-06,2074,2,1,1,"882,00",5,"3,25",Spenders,Oro,Buenos
955,2013-05-05,2075,2,3,2,"627,00",4,3,Spenders,Oro,Buenos
956,2013-05-04,2076,2,7,4,"857,00",5,4,Frequency,Oro,Buenos
957,2013-05-03,2077,2,7,4,"584,00",3,3,Spenders,Plata,Buenos
958,2013-05-02,2078,2,2,2,"711,00",4,3,Spenders,Oro,Buenos
959,2013-05-01,2079,2,5,3,"911,00",5,"3,75",Frequency,Oro,Buenos
960,2013-04-30,2080,2,10,5,"266,00",2,"2,75",Spenders,Plata,Malos
961,2013-04-29,2081,2,2,2,"77,00",1,"1,5",Spenders,Bronce,Malos
962,2013-04-28,2082,2,5,3,"961,00",5,"3,75",Frequency,Oro,Buenos
963,2013-04-27,2083,2,9,5,"568,00",3,"3,25",Spenders,Plata,Buenos
964,2013-04-26,2084,2,1,1,"817,00",5,"3,25",Spenders,Oro,Buenos
965,2013-04-25,2085,2,5,3,"249,00",2,"2,25",Spenders,Plata,Malos
966,2013-04-24,2086,2,3,2,"351,00",2,2,Spenders,Plata,Malos
967,2013-04-23,2087,2,1,1,"332,00",2,"1,75",Spenders,Plata,Malos
968,2013-04-22,2088,2,1,1,"78,00",1,"1,25",Spenders,Bronce,Malos
969,2013-04-21,2089,2,9,5,"415,00",3,"3,25",Spenders,Plata,Buenos
970,2013-04-20,2090,2,5,3,"197,00",1,"1,75",Spenders,Bronce,Malos
971,2013-04-19,2091,2,3,2,"5,00",1,"1,5",Spenders,Bronce,Malos
972,2013-04-18,2092,2,2,2,"658,00",4,3,Spenders,Oro,Buenos
973,2013-04-17,2093,2,9,5,"356,00",2,"2,75",Spenders,Plata,Malos
974,2013-04-16,2094,2,4,3,"574,00",3,"2,75",Spenders,Plata,Malos
975,2013-04-15,2095,2,3,2,"393,00",2,2,Spenders,Plata,Malos
976,2013-04-14,2096,2,3,2,"486,00",3,"2,5",Spenders,Plata,Malos
977,2013-04-13,2097,2,2,2,"433,00",3,"2,5",Spenders,Plata,Malos
978,2013-04-12,2098,2,1,1,"885,00",5,"3,25",Spenders,Oro,Buenos
979,2013-04-11,2099,2,5,3,"559,00",3,"2,75",Spenders,Plata,Malos
980,2013-04-10,2100,2,9,5,"811,00",5,"4,25",Best,Oro,Buenos
981,2013-04-09,2101,2,3,2,"159,00",1,"1,5",Spenders,Bronce,Malos
982,2013-04-08,2102,2,6,4,"875,00",5,4,Frequency,Oro,Buenos
983,2013-04-07,2103,2,2,2,"116,00",1,"1,5",Spenders,Bronce,Malos
984,2013-04-06,2104,2,1,1,"738,00",4,"2,75",Spenders,Oro,Malos
985,2013-04-05,2105,2,7,4,"779,00",4,"3,5",Frequency,Oro,Buenos
986,2013-04-04,2106,2,5,3,"422,00",3,"2,75",Spenders,Plata,Malos
987,2013-04-03,2107,2,7,4,"504,00",3,3,Spenders,Plata,Buenos
988,2013-04-02,2108,2,1,1,"647,00",4,"2,75",Spenders,Oro,Malos
989,2013-04-01,2109,2,10,5,"819,00",5,"4,25",Best,Oro,Buenos
990,2013-03-31,2110,2,3,2,"1,00",1,"1,5",Spenders,Bronce,Malos
991,2013-03-30,2111,2,7,4,"931,00",5,4,Frequency,Oro,Buenos
992,2013-03-29,2112,2,2,2,"853,00",5,"3,5",Frequency,Oro,Buenos
993,2013-03-28,2113,2,6,4,"371,00",2,"2,5",Spenders,Plata,Malos
994,2013-03-27,2114,2,8,5,"47,00",1,"2,25",Spenders,Bronce,Malos
995,2013-03-26,2115,2,4,3,"538,00",3,"2,75",Spenders,Plata,Malos
996,2013-03-25,2116,2,7,4,"610,00",4,"3,5",Frequency,Oro,Buenos
997,2013-03-24,2117,2,4,3,"553,00",3,"2,75",Spenders,Plata,Malos
998,2013-03-23,2118,2,4,3,"195,00",1,"1,75",Spenders,Bronce,Malos